{"version": "1", "message": "ERROR: Hidden Testcases server unreachable.", "problem_id": "ads2_m2_a1_1", "user_id": "nandakishore723", "score": {"sample": {"0": {"execution_time": 0.2035534381866455, "passed": true}, "1": {"execution_time": 0.16857004165649414, "passed": true}, "2": {"execution_time": 0.1809229850769043, "passed": true}, "3": {"execution_time": 0.17765164375305176, "passed": true}, "4": {"execution_time": 0.17202496528625488, "passed": true}, "5": {"execution_time": 0.1727440357208252, "passed": true}, "6": {"execution_time": 0.16760969161987305, "passed": true}, "7": {"execution_time": 0.1624603271484375, "passed": true}, "8": {"execution_time": 0.1756429672241211, "passed": true}, "9": {"execution_time": 0.16756844520568848, "passed": true}, "10": {"execution_time": 0.17253518104553223, "passed": true}, "11": {"execution_time": 0.16965794563293457, "passed": true}, "12": {"execution_time": 0.17704534530639648, "passed": true}, "13": {"execution_time": 0.16982460021972656, "passed": true}, "14": {"execution_time": 0.17032384872436523, "passed": true}, "15": {"execution_time": 0.19212675094604492, "passed": true}, "16": {"execution_time": 0.20546841621398926, "passed": true}, "17": {"execution_time": 0.21355724334716797, "passed": true}, "18": {"execution_time": 0.21122026443481445, "passed": true}, "19": {"execution_time": 0.2187337875366211, "passed": true}, "20": {"execution_time": 0.21449685096740723, "passed": true}, "21": {"execution_time": 0.1735973358154297, "passed": true}, "22": {"execution_time": 0.26929593086242676, "passed": false}, "23": {"execution_time": 0.22148680686950684, "passed": true}}}, "check_style_score": "1/1"}