{"version": "1", "message": "ERROR: Hidden Testcases server unreachable.", "problem_id": "ads2_m2_a1_1", "user_id": "nandakishore723", "score": {"sample": {"0": {"execution_time": 0.1991724967956543, "passed": true}, "1": {"execution_time": 0.17756271362304688, "passed": true}, "2": {"execution_time": 0.16358089447021484, "passed": true}, "3": {"execution_time": 0.16156864166259766, "passed": true}, "4": {"execution_time": 0.16964173316955566, "passed": true}, "5": {"execution_time": 0.17307686805725098, "passed": true}, "6": {"execution_time": 0.17258524894714355, "passed": true}, "7": {"execution_time": 0.15734267234802246, "passed": true}, "8": {"execution_time": 0.1735377311706543, "passed": true}, "9": {"execution_time": 0.15985918045043945, "passed": true}, "10": {"execution_time": 0.16704940795898438, "passed": true}, "11": {"execution_time": 0.16062593460083008, "passed": true}, "12": {"execution_time": 0.17291903495788574, "passed": true}, "13": {"execution_time": 0.1775531768798828, "passed": true}, "14": {"execution_time": 0.17030882835388184, "passed": true}, "15": {"execution_time": 0.19276738166809082, "passed": true}, "16": {"execution_time": 0.17693591117858887, "passed": true}, "17": {"execution_time": 0.2306959629058838, "passed": true}, "18": {"execution_time": 0.1865837574005127, "passed": true}, "19": {"execution_time": 0.20363712310791016, "passed": true}, "20": {"execution_time": 0.21725153923034668, "passed": true}, "21": {"execution_time": 0.1764073371887207, "passed": true}, "22": {"execution_time": 0.21952176094055176, "passed": true}, "23": {"execution_time": 0.230421781539917, "passed": true}}}, "check_style_score": "1/1"}