{"version": "1", "message": "ERROR: Hidden Testcases server unreachable.", "problem_id": "ads2_m2_a1_1", "user_id": "nandakishore723", "score": {"sample": {"0": {"execution_time": 0.19333148002624512, "passed": true}, "1": {"execution_time": 0.18301081657409668, "passed": true}, "2": {"execution_time": 0.16116857528686523, "passed": true}, "3": {"execution_time": 0.1655566692352295, "passed": true}, "4": {"execution_time": 0.17253684997558594, "passed": true}, "5": {"execution_time": 0.15868473052978516, "passed": true}, "6": {"execution_time": 0.15811586380004883, "passed": true}, "7": {"execution_time": 0.17364001274108887, "passed": true}, "8": {"execution_time": 0.18552422523498535, "passed": true}, "9": {"execution_time": 0.179534912109375, "passed": true}, "10": {"execution_time": 0.18725347518920898, "passed": true}, "11": {"execution_time": 0.17169523239135742, "passed": true}, "12": {"execution_time": 0.18649911880493164, "passed": true}, "13": {"execution_time": 0.17032074928283691, "passed": true}, "14": {"execution_time": 0.18622660636901855, "passed": true}, "15": {"execution_time": 0.17492365837097168, "passed": true}, "16": {"execution_time": 0.19751739501953125, "passed": true}, "17": {"execution_time": 0.20830059051513672, "passed": true}, "18": {"execution_time": 0.2064194679260254, "passed": true}, "19": {"execution_time": 0.2184433937072754, "passed": true}, "20": {"execution_time": 0.2324538230895996, "passed": true}, "21": {"execution_time": 0.19589853286743164, "passed": true}, "22": {"execution_time": 0.23813295364379883, "passed": true}, "23": {"execution_time": 0.24078059196472168, "passed": true}}}, "check_style_score": "1/1"}