{"version": "1", "message": "ERROR: Hidden Testcases server unreachable.", "problem_id": "ads2_m2_a1_1", "user_id": "nandakishore723", "score": {"sample": {"0": {"execution_time": 0.20708131790161133, "passed": true}, "1": {"execution_time": 0.1817915439605713, "passed": true}, "2": {"execution_time": 0.17667293548583984, "passed": true}, "3": {"execution_time": 0.18849945068359375, "passed": true}, "4": {"execution_time": 0.18650126457214355, "passed": true}, "5": {"execution_time": 0.1984691619873047, "passed": true}, "6": {"execution_time": 0.1861727237701416, "passed": true}, "7": {"execution_time": 0.1732189655303955, "passed": true}, "8": {"execution_time": 0.3272278308868408, "passed": true}, "9": {"execution_time": 0.16655397415161133, "passed": true}, "10": {"execution_time": 0.18873047828674316, "passed": true}, "11": {"execution_time": 0.17257118225097656, "passed": true}, "12": {"execution_time": 0.1970369815826416, "passed": true}, "13": {"execution_time": 0.18057966232299805, "passed": true}, "14": {"execution_time": 0.19546246528625488, "passed": true}, "15": {"execution_time": 0.20714783668518066, "passed": true}, "16": {"execution_time": 0.20461368560791016, "passed": true}, "17": {"execution_time": 0.35250234603881836, "passed": true}, "18": {"execution_time": 0.30761241912841797, "passed": true}, "19": {"execution_time": 0.33830690383911133, "passed": true}, "20": {"execution_time": 0.3300206661224365, "passed": true}, "21": {"execution_time": 0.2834811210632324, "passed": true}, "22": {"execution_time": 0.3708622455596924, "passed": true}, "23": {"execution_time": 0.406510591506958, "passed": true}}}, "check_style_score": "1/1"}