{"version": "1", "message": "ERROR: Hidden Testcases server unreachable.", "problem_id": "ads2_m2_a1_1", "user_id": "nandakishore723", "score": {"sample": {"0": {"execution_time": 0.18051743507385254, "passed": true}, "1": {"execution_time": 0.15857625007629395, "passed": true}, "2": {"execution_time": 0.17288422584533691, "passed": true}, "3": {"execution_time": 0.16772174835205078, "passed": true}, "4": {"execution_time": 0.1583397388458252, "passed": true}, "5": {"execution_time": 0.1715397834777832, "passed": true}, "6": {"execution_time": 0.17694544792175293, "passed": true}, "7": {"execution_time": 0.16930747032165527, "passed": true}, "8": {"execution_time": 0.15761160850524902, "passed": true}, "9": {"execution_time": 0.17012405395507812, "passed": true}, "10": {"execution_time": 0.16651177406311035, "passed": true}, "11": {"execution_time": 0.15964508056640625, "passed": true}, "12": {"execution_time": 0.15794587135314941, "passed": true}, "13": {"execution_time": 0.17562222480773926, "passed": true}, "14": {"execution_time": 0.1765270233154297, "passed": true}, "15": {"execution_time": 0.18550419807434082, "passed": true}, "16": {"execution_time": 0.17958617210388184, "passed": true}, "17": {"execution_time": 0.19873571395874023, "passed": true}, "18": {"execution_time": 0.2009875774383545, "passed": true}, "19": {"execution_time": 0.19845890998840332, "passed": true}, "20": {"execution_time": 0.22080564498901367, "passed": true}, "21": {"execution_time": 0.17259883880615234, "passed": true}, "22": {"execution_time": 0.22446012496948242, "passed": true}, "23": {"execution_time": 0.21851229667663574, "passed": true}}}, "check_style_score": "1/1"}