{"version": "1", "message": "ERROR: Hidden Testcases server unreachable.", "problem_id": "ads2_m2_a1_1", "user_id": "nandakishore723", "score": {"sample": {"0": {"execution_time": 0.2025303840637207, "passed": true}, "1": {"execution_time": 0.1655571460723877, "passed": true}, "2": {"execution_time": 0.16455984115600586, "passed": true}, "3": {"execution_time": 0.168548583984375, "passed": true}, "4": {"execution_time": 0.17353582382202148, "passed": true}, "5": {"execution_time": 0.16455960273742676, "passed": true}, "6": {"execution_time": 0.1625659465789795, "passed": true}, "7": {"execution_time": 0.15857768058776855, "passed": true}, "8": {"execution_time": 0.16256427764892578, "passed": true}, "9": {"execution_time": 0.16455984115600586, "passed": true}, "10": {"execution_time": 0.16655540466308594, "passed": true}, "11": {"execution_time": 0.1655576229095459, "passed": true}, "12": {"execution_time": 0.16456031799316406, "passed": true}, "13": {"execution_time": 0.16755199432373047, "passed": true}, "14": {"execution_time": 0.17054414749145508, "passed": true}, "15": {"execution_time": 0.18450641632080078, "passed": true}, "16": {"execution_time": 0.21143126487731934, "passed": true}, "17": {"execution_time": 0.20544791221618652, "passed": true}, "18": {"execution_time": 0.20345354080200195, "passed": true}, "19": {"execution_time": 0.21741890907287598, "passed": true}, "20": {"execution_time": 0.20345568656921387, "passed": true}, "21": {"execution_time": 0.1715412139892578, "passed": true}, "22": {"execution_time": 0.25830912590026855, "passed": false}, "23": {"execution_time": 0.21342921257019043, "passed": true}}}, "check_style_score": "1/1"}