{"version": "1", "message": "ERROR: Hidden Testcases server unreachable.", "problem_id": "ads2_m2_a1_1", "user_id": "nandakishore723", "score": {"sample": {"0": {"execution_time": 0.18688583374023438, "passed": true}, "1": {"execution_time": 0.19202327728271484, "passed": true}, "2": {"execution_time": 0.17557406425476074, "passed": true}, "3": {"execution_time": 0.18762683868408203, "passed": true}, "4": {"execution_time": 0.17453241348266602, "passed": true}, "5": {"execution_time": 0.16147208213806152, "passed": true}, "6": {"execution_time": 0.18479204177856445, "passed": true}, "7": {"execution_time": 0.1905829906463623, "passed": true}, "8": {"execution_time": 0.2195115089416504, "passed": true}, "9": {"execution_time": 0.18602681159973145, "passed": true}, "10": {"execution_time": 0.18261241912841797, "passed": true}, "11": {"execution_time": 0.16320276260375977, "passed": true}, "12": {"execution_time": 0.16954612731933594, "passed": true}, "13": {"execution_time": 0.19448018074035645, "passed": true}, "14": {"execution_time": 0.1934516429901123, "passed": true}, "15": {"execution_time": 0.18165040016174316, "passed": true}, "16": {"execution_time": 0.1976017951965332, "passed": true}, "17": {"execution_time": 0.22696709632873535, "passed": true}, "18": {"execution_time": 0.21207261085510254, "passed": true}, "19": {"execution_time": 0.21871304512023926, "passed": true}, "20": {"execution_time": 0.23412322998046875, "passed": true}, "21": {"execution_time": 0.1806046962738037, "passed": true}, "22": {"execution_time": 0.23731207847595215, "passed": true}, "23": {"execution_time": 0.23661494255065918, "passed": true}}}, "check_style_score": "1/1"}