{"version": "1", "message": "ERROR: Hidden Testcases server unreachable.", "problem_id": "ads2_m2_a1_1", "user_id": "nandakishore723", "score": {"sample": {"0": {"execution_time": 0.21674489974975586, "passed": true}, "1": {"execution_time": 0.18586444854736328, "passed": true}, "2": {"execution_time": 0.18344855308532715, "passed": true}, "3": {"execution_time": 0.18151450157165527, "passed": true}, "4": {"execution_time": 0.1770467758178711, "passed": true}, "5": {"execution_time": 0.1579732894897461, "passed": true}, "6": {"execution_time": 0.19145607948303223, "passed": true}, "7": {"execution_time": 0.1786973476409912, "passed": true}, "8": {"execution_time": 0.17622876167297363, "passed": true}, "9": {"execution_time": 0.182511568069458, "passed": true}, "10": {"execution_time": 0.16755104064941406, "passed": true}, "11": {"execution_time": 0.17453336715698242, "passed": true}, "12": {"execution_time": 0.2684032917022705, "passed": true}, "13": {"execution_time": 0.1746692657470703, "passed": true}, "14": {"execution_time": 0.18703556060791016, "passed": true}, "15": {"execution_time": 0.1815040111541748, "passed": true}, "16": {"execution_time": 0.19989967346191406, "passed": true}, "17": {"execution_time": 0.22488188743591309, "passed": true}, "18": {"execution_time": 0.21606779098510742, "passed": true}, "19": {"execution_time": 0.21602869033813477, "passed": true}, "20": {"execution_time": 0.23260235786437988, "passed": true}, "21": {"execution_time": 0.20644879341125488, "passed": true}, "22": {"execution_time": 0.24534320831298828, "passed": true}, "23": {"execution_time": 0.23555946350097656, "passed": true}}}, "check_style_score": "1/1"}