{"version": "1", "message": "ERROR: Hidden Testcases server unreachable.", "problem_id": "ads2_m2_a1_1", "user_id": "nandakishore723", "score": {"sample": {"0": {"execution_time": 0.2177448272705078, "passed": true}, "1": {"execution_time": 0.17728495597839355, "passed": true}, "2": {"execution_time": 0.20012474060058594, "passed": true}, "3": {"execution_time": 0.2701683044433594, "passed": true}, "4": {"execution_time": 0.18054723739624023, "passed": true}, "5": {"execution_time": 0.1905217170715332, "passed": true}, "6": {"execution_time": 0.18405914306640625, "passed": true}, "7": {"execution_time": 0.17725610733032227, "passed": true}, "8": {"execution_time": 0.1825106143951416, "passed": true}, "9": {"execution_time": 0.18260693550109863, "passed": true}, "10": {"execution_time": 0.16755223274230957, "passed": true}, "11": {"execution_time": 0.19450902938842773, "passed": true}, "12": {"execution_time": 0.1765282154083252, "passed": true}, "13": {"execution_time": 0.17928314208984375, "passed": true}, "14": {"execution_time": 0.1824779510498047, "passed": true}, "15": {"execution_time": 0.18999886512756348, "passed": true}, "16": {"execution_time": 0.203507661819458, "passed": true}, "17": {"execution_time": 0.2085587978363037, "passed": true}, "18": {"execution_time": 0.21363568305969238, "passed": true}, "19": {"execution_time": 0.19672799110412598, "passed": true}, "20": {"execution_time": 0.2294151782989502, "passed": true}, "21": {"execution_time": 0.18350982666015625, "passed": true}, "22": {"execution_time": 0.40493178367614746, "passed": true}, "23": {"execution_time": 0.24933385848999023, "passed": true}}}, "check_style_score": "1/1"}