{"version": "1", "message": "ERROR: Hidden Testcases server unreachable.", "problem_id": "ads2_m2_a1_1", "user_id": "nandakishore723", "score": {"sample": {"0": {"execution_time": 0.19683194160461426, "passed": true}, "1": {"execution_time": 0.1911921501159668, "passed": true}, "2": {"execution_time": 0.16015410423278809, "passed": true}, "3": {"execution_time": 0.1744670867919922, "passed": true}, "4": {"execution_time": 0.21143746376037598, "passed": true}, "5": {"execution_time": 0.1736457347869873, "passed": true}, "6": {"execution_time": 0.1806166172027588, "passed": true}, "7": {"execution_time": 0.1845231056213379, "passed": true}, "8": {"execution_time": 0.1685469150543213, "passed": true}, "9": {"execution_time": 0.19846892356872559, "passed": true}, "10": {"execution_time": 0.17880582809448242, "passed": true}, "11": {"execution_time": 0.1770763397216797, "passed": true}, "12": {"execution_time": 0.17153310775756836, "passed": true}, "13": {"execution_time": 0.17154145240783691, "passed": true}, "14": {"execution_time": 0.17238402366638184, "passed": true}, "15": {"execution_time": 0.18987107276916504, "passed": true}, "16": {"execution_time": 0.1984694004058838, "passed": true}, "17": {"execution_time": 0.20658278465270996, "passed": true}, "18": {"execution_time": 0.23979783058166504, "passed": true}, "19": {"execution_time": 0.2444303035736084, "passed": true}, "20": {"execution_time": 0.2207636833190918, "passed": true}, "21": {"execution_time": 0.18154525756835938, "passed": true}, "22": {"execution_time": 0.22041010856628418, "passed": true}, "23": {"execution_time": 0.2234029769897461, "passed": true}}}, "check_style_score": "1/1"}