{"version": "1", "message": "ERROR: Hidden Testcases server unreachable.", "problem_id": "ads2_m2_a1_1", "user_id": "nandakishore723", "score": {"sample": {"0": {"execution_time": 0.26244139671325684, "passed": false}, "1": {"execution_time": 0.16715764999389648, "passed": false}, "2": {"execution_time": 0.1888895034790039, "passed": false}, "3": {"execution_time": 0.1745901107788086, "passed": false}, "4": {"execution_time": 0.18882441520690918, "passed": false}, "5": {"execution_time": 0.18172478675842285, "passed": false}, "6": {"execution_time": 0.176527738571167, "passed": false}, "7": {"execution_time": 0.17560505867004395, "passed": false}, "8": {"execution_time": 0.1842668056488037, "passed": false}, "9": {"execution_time": 0.18652892112731934, "passed": false}, "10": {"execution_time": 0.18728327751159668, "passed": false}, "11": {"execution_time": 0.20529389381408691, "passed": false}, "12": {"execution_time": 0.18944525718688965, "passed": false}, "13": {"execution_time": 0.17647337913513184, "passed": false}, "14": {"execution_time": 0.18154501914978027, "passed": false}, "15": {"execution_time": 0.2644047737121582, "passed": false}, "16": {"execution_time": 0.19943022727966309, "passed": false}, "17": {"execution_time": 0.21059203147888184, "passed": false}, "18": {"execution_time": 0.3315150737762451, "passed": false}, "19": {"execution_time": 0.2099142074584961, "passed": false}, "20": {"execution_time": 0.24042296409606934, "passed": false}, "21": {"execution_time": 0.17559027671813965, "passed": false}, "22": {"execution_time": 0.23808002471923828, "passed": false}, "23": {"execution_time": 0.21920204162597656, "passed": false}}}, "check_style_score": "1/1"}