{"version": "1", "message": "ERROR: Hidden Testcases server unreachable.", "problem_id": "ads2_m2_a1_1", "user_id": "nandakishore723", "score": {"sample": {"0": {"execution_time": 0.2143855094909668, "passed": true}, "1": {"execution_time": 0.16238117218017578, "passed": true}, "2": {"execution_time": 0.19192242622375488, "passed": true}, "3": {"execution_time": 0.19830846786499023, "passed": true}, "4": {"execution_time": 0.18080711364746094, "passed": true}, "5": {"execution_time": 0.19634032249450684, "passed": true}, "6": {"execution_time": 0.2044525146484375, "passed": true}, "7": {"execution_time": 0.19481205940246582, "passed": true}, "8": {"execution_time": 0.1808164119720459, "passed": true}, "9": {"execution_time": 0.1899409294128418, "passed": true}, "10": {"execution_time": 0.17054390907287598, "passed": true}, "11": {"execution_time": 0.27832627296447754, "passed": true}, "12": {"execution_time": 0.25131773948669434, "passed": true}, "13": {"execution_time": 0.24804997444152832, "passed": true}, "14": {"execution_time": 0.26862478256225586, "passed": true}, "15": {"execution_time": 0.270444393157959, "passed": true}, "16": {"execution_time": 0.2663590908050537, "passed": true}, "17": {"execution_time": 0.30216455459594727, "passed": true}, "18": {"execution_time": 0.3085014820098877, "passed": true}, "19": {"execution_time": 0.3062751293182373, "passed": true}, "20": {"execution_time": 0.2808043956756592, "passed": true}, "21": {"execution_time": 0.24932122230529785, "passed": true}, "22": {"execution_time": 0.3553500175476074, "passed": true}, "23": {"execution_time": 0.3669445514678955, "passed": true}}}, "check_style_score": "1/1"}