{"version": "1", "message": "ERROR: Hidden Testcases server unreachable.", "problem_id": "ads2_m2_a1_1", "user_id": "nandakishore723", "score": {"sample": {"0": {"execution_time": 0.19341540336608887, "passed": true}, "1": {"execution_time": 0.17207098007202148, "passed": true}, "2": {"execution_time": 0.16861605644226074, "passed": true}, "3": {"execution_time": 0.16692590713500977, "passed": true}, "4": {"execution_time": 0.1610727310180664, "passed": true}, "5": {"execution_time": 0.16867828369140625, "passed": true}, "6": {"execution_time": 0.16511130332946777, "passed": true}, "7": {"execution_time": 0.16497445106506348, "passed": true}, "8": {"execution_time": 0.15856480598449707, "passed": true}, "9": {"execution_time": 0.1716020107269287, "passed": true}, "10": {"execution_time": 0.1714942455291748, "passed": true}, "11": {"execution_time": 0.16791987419128418, "passed": true}, "12": {"execution_time": 0.15957331657409668, "passed": true}, "13": {"execution_time": 0.16954636573791504, "passed": true}, "14": {"execution_time": 0.18456745147705078, "passed": true}, "15": {"execution_time": 0.18017220497131348, "passed": true}, "16": {"execution_time": 0.19385194778442383, "passed": true}, "17": {"execution_time": 0.21114325523376465, "passed": true}, "18": {"execution_time": 0.20173120498657227, "passed": true}, "19": {"execution_time": 0.21579384803771973, "passed": true}, "20": {"execution_time": 0.20811939239501953, "passed": true}, "21": {"execution_time": 0.1765766143798828, "passed": true}, "22": {"execution_time": 0.2258896827697754, "passed": true}, "23": {"execution_time": 0.2295536994934082, "passed": true}}}, "check_style_score": "1/1"}