{"version": "1", "message": "ERROR: Hidden Testcases server unreachable.", "problem_id": "ads2_m2_a1_1", "user_id": "nandakishore723", "score": {"sample": {"0": {"execution_time": 0.21747231483459473, "passed": false}, "1": {"execution_time": 0.1875007152557373, "passed": false}, "2": {"execution_time": 0.18744516372680664, "passed": false}, "3": {"execution_time": 0.18326854705810547, "passed": false}, "4": {"execution_time": 0.18289661407470703, "passed": false}, "5": {"execution_time": 0.3141622543334961, "passed": false}, "6": {"execution_time": 0.17664361000061035, "passed": false}, "7": {"execution_time": 0.17095208168029785, "passed": false}, "8": {"execution_time": 0.18487548828125, "passed": false}, "9": {"execution_time": 0.1879558563232422, "passed": false}, "10": {"execution_time": 0.18457293510437012, "passed": false}, "11": {"execution_time": 0.19059252738952637, "passed": false}, "12": {"execution_time": 0.16693377494812012, "passed": false}, "13": {"execution_time": 0.18076157569885254, "passed": false}, "14": {"execution_time": 0.186509370803833, "passed": false}, "15": {"execution_time": 0.19381141662597656, "passed": false}, "16": {"execution_time": 0.1929466724395752, "passed": false}, "17": {"execution_time": 0.24654817581176758, "passed": false}, "18": {"execution_time": 0.19842910766601562, "passed": false}, "19": {"execution_time": 0.2314462661743164, "passed": false}, "20": {"execution_time": 0.23498320579528809, "passed": false}, "21": {"execution_time": 0.1939067840576172, "passed": false}, "22": {"execution_time": 0.35712146759033203, "passed": false}, "23": {"execution_time": 0.25045061111450195, "passed": false}}}, "check_style_score": "1/1"}