{"version": "1", "message": "ERROR: Hidden Testcases server unreachable.", "problem_id": "ads2_m2_a1_1", "user_id": "nandakishore723", "score": {"sample": {"0": {"execution_time": 0.1937112808227539, "passed": true}, "1": {"execution_time": 0.17058038711547852, "passed": true}, "2": {"execution_time": 0.16183257102966309, "passed": true}, "3": {"execution_time": 0.1716930866241455, "passed": true}, "4": {"execution_time": 0.16968703269958496, "passed": true}, "5": {"execution_time": 0.16992425918579102, "passed": true}, "6": {"execution_time": 0.17227387428283691, "passed": true}, "7": {"execution_time": 0.16352081298828125, "passed": true}, "8": {"execution_time": 0.16580581665039062, "passed": true}, "9": {"execution_time": 0.1750805377960205, "passed": true}, "10": {"execution_time": 0.1721351146697998, "passed": true}, "11": {"execution_time": 0.16166353225708008, "passed": true}, "12": {"execution_time": 0.17247939109802246, "passed": true}, "13": {"execution_time": 0.17353582382202148, "passed": true}, "14": {"execution_time": 0.17994928359985352, "passed": true}, "15": {"execution_time": 0.17482662200927734, "passed": true}, "16": {"execution_time": 0.1772294044494629, "passed": true}, "17": {"execution_time": 0.19839096069335938, "passed": true}, "18": {"execution_time": 0.20138335227966309, "passed": true}, "19": {"execution_time": 0.20757102966308594, "passed": true}, "20": {"execution_time": 0.2045598030090332, "passed": true}, "21": {"execution_time": 0.21718835830688477, "passed": true}, "22": {"execution_time": 0.23221969604492188, "passed": true}, "23": {"execution_time": 0.2272484302520752, "passed": true}}}, "check_style_score": "1/1"}