{"version": "1", "message": "ERROR: Hidden Testcases server unreachable.", "problem_id": "ads2_m2_a1_1", "user_id": "nandakishore723", "score": {"sample": {"0": {"execution_time": 0.22345876693725586, "passed": true}, "1": {"execution_time": 0.15761733055114746, "passed": true}, "2": {"execution_time": 0.18414044380187988, "passed": true}, "3": {"execution_time": 0.1849808692932129, "passed": true}, "4": {"execution_time": 0.1931931972503662, "passed": true}, "5": {"execution_time": 0.19015169143676758, "passed": true}, "6": {"execution_time": 0.1720123291015625, "passed": true}, "7": {"execution_time": 0.1815474033355713, "passed": true}, "8": {"execution_time": 0.18660569190979004, "passed": true}, "9": {"execution_time": 0.19248437881469727, "passed": true}, "10": {"execution_time": 0.1904904842376709, "passed": true}, "11": {"execution_time": 0.16538643836975098, "passed": true}, "12": {"execution_time": 0.18929505348205566, "passed": true}, "13": {"execution_time": 0.1875910758972168, "passed": true}, "14": {"execution_time": 0.2318871021270752, "passed": true}, "15": {"execution_time": 0.20298004150390625, "passed": true}, "16": {"execution_time": 0.20548391342163086, "passed": true}, "17": {"execution_time": 0.21769499778747559, "passed": true}, "18": {"execution_time": 0.20688414573669434, "passed": true}, "19": {"execution_time": 0.2572762966156006, "passed": true}, "20": {"execution_time": 0.3505127429962158, "passed": true}, "21": {"execution_time": 0.28324198722839355, "passed": true}, "22": {"execution_time": 0.3717505931854248, "passed": true}, "23": {"execution_time": 0.37500548362731934, "passed": true}}}, "check_style_score": "1/1"}