{"version": "1", "message": "ERROR: Hidden Testcases server unreachable.", "problem_id": "ads2_m2_a1_1", "user_id": "nandakishore723", "score": {"sample": {"0": {"execution_time": 0.1962890625, "passed": true}, "1": {"execution_time": 0.166581392288208, "passed": true}, "2": {"execution_time": 0.17404818534851074, "passed": true}, "3": {"execution_time": 0.16745352745056152, "passed": true}, "4": {"execution_time": 0.17426180839538574, "passed": true}, "5": {"execution_time": 0.1719527244567871, "passed": true}, "6": {"execution_time": 0.16713285446166992, "passed": true}, "7": {"execution_time": 0.1735365390777588, "passed": true}, "8": {"execution_time": 0.16355299949645996, "passed": true}, "9": {"execution_time": 0.16537785530090332, "passed": true}, "10": {"execution_time": 0.16875743865966797, "passed": true}, "11": {"execution_time": 0.17913389205932617, "passed": true}, "12": {"execution_time": 0.15623974800109863, "passed": true}, "13": {"execution_time": 0.1675426959991455, "passed": true}, "14": {"execution_time": 0.18017148971557617, "passed": true}, "15": {"execution_time": 0.17862868309020996, "passed": true}, "16": {"execution_time": 0.1799166202545166, "passed": true}, "17": {"execution_time": 0.2153928279876709, "passed": true}, "18": {"execution_time": 0.18605613708496094, "passed": true}, "19": {"execution_time": 0.22153019905090332, "passed": true}, "20": {"execution_time": 0.21845269203186035, "passed": true}, "21": {"execution_time": 0.17499065399169922, "passed": true}, "22": {"execution_time": 0.21642065048217773, "passed": true}, "23": {"execution_time": 0.22179841995239258, "passed": true}}}, "check_style_score": "1/1"}