{"version": "1", "message": "ERROR: Hidden Testcases server unreachable.", "problem_id": "ads2_m2_a1_1", "user_id": "nandakishore723", "score": {"sample": {"0": {"execution_time": 0.18949413299560547, "passed": true}, "1": {"execution_time": 0.17353534698486328, "passed": true}, "2": {"execution_time": 0.16455984115600586, "passed": true}, "3": {"execution_time": 0.1735365390777588, "passed": true}, "4": {"execution_time": 0.17326688766479492, "passed": true}, "5": {"execution_time": 0.18653106689453125, "passed": true}, "6": {"execution_time": 0.1733713150024414, "passed": true}, "7": {"execution_time": 0.18409085273742676, "passed": true}, "8": {"execution_time": 0.1787419319152832, "passed": true}, "9": {"execution_time": 0.19175314903259277, "passed": true}, "10": {"execution_time": 0.19809794425964355, "passed": true}, "11": {"execution_time": 0.21741843223571777, "passed": true}, "12": {"execution_time": 0.1795194149017334, "passed": true}, "13": {"execution_time": 0.17676734924316406, "passed": true}, "14": {"execution_time": 0.1850724220275879, "passed": true}, "15": {"execution_time": 0.21642065048217773, "passed": true}, "16": {"execution_time": 0.21239376068115234, "passed": true}, "17": {"execution_time": 0.3197500705718994, "passed": true}, "18": {"execution_time": 0.27223825454711914, "passed": true}, "19": {"execution_time": 0.4468057155609131, "passed": true}, "20": {"execution_time": 0.2543201446533203, "passed": true}, "21": {"execution_time": 0.2272508144378662, "passed": true}, "22": {"execution_time": 0.3544187545776367, "passed": false}, "23": {"execution_time": 0.37399959564208984, "passed": true}}}, "check_style_score": "1/1"}