{"version": "1", "message": "ERROR: Hidden Testcases server unreachable.", "problem_id": "ads2_m2_a1_1", "user_id": "nandakishore723", "score": {"sample": {"0": {"execution_time": 0.20617461204528809, "passed": true}, "1": {"execution_time": 0.1845099925994873, "passed": true}, "2": {"execution_time": 0.18251252174377441, "passed": true}, "3": {"execution_time": 0.16980242729187012, "passed": true}, "4": {"execution_time": 0.16118931770324707, "passed": true}, "5": {"execution_time": 0.15986251831054688, "passed": true}, "6": {"execution_time": 0.16349434852600098, "passed": true}, "7": {"execution_time": 0.18192291259765625, "passed": true}, "8": {"execution_time": 0.18749785423278809, "passed": true}, "9": {"execution_time": 0.18217086791992188, "passed": true}, "10": {"execution_time": 0.2920849323272705, "passed": true}, "11": {"execution_time": 0.18501949310302734, "passed": true}, "12": {"execution_time": 0.1827256679534912, "passed": true}, "13": {"execution_time": 0.19049072265625, "passed": true}, "14": {"execution_time": 0.19266676902770996, "passed": true}, "15": {"execution_time": 0.2018113136291504, "passed": true}, "16": {"execution_time": 0.19199705123901367, "passed": true}, "17": {"execution_time": 0.4162726402282715, "passed": true}, "18": {"execution_time": 0.3320302963256836, "passed": true}, "19": {"execution_time": 0.3275785446166992, "passed": true}, "20": {"execution_time": 0.23505544662475586, "passed": true}, "21": {"execution_time": 0.1920623779296875, "passed": true}, "22": {"execution_time": 0.24439716339111328, "passed": true}, "23": {"execution_time": 0.2442018985748291, "passed": true}}}, "check_style_score": "1/1"}