{"version": "1", "message": "ERROR: Hidden Testcases server unreachable.", "problem_id": "ads2_m2_a1_1", "user_id": "nandakishore723", "score": {"sample": {"0": {"execution_time": 0.2015833854675293, "passed": true}, "1": {"execution_time": 0.16897988319396973, "passed": true}, "2": {"execution_time": 0.15459728240966797, "passed": true}, "3": {"execution_time": 0.17163634300231934, "passed": true}, "4": {"execution_time": 0.17251014709472656, "passed": true}, "5": {"execution_time": 0.16731667518615723, "passed": true}, "6": {"execution_time": 0.17293572425842285, "passed": true}, "7": {"execution_time": 0.16907262802124023, "passed": true}, "8": {"execution_time": 0.15849542617797852, "passed": true}, "9": {"execution_time": 0.16698336601257324, "passed": true}, "10": {"execution_time": 0.1676182746887207, "passed": true}, "11": {"execution_time": 0.17067933082580566, "passed": true}, "12": {"execution_time": 0.5679199695587158, "passed": true}, "13": {"execution_time": 0.16855502128601074, "passed": true}, "14": {"execution_time": 0.17754626274108887, "passed": true}, "15": {"execution_time": 0.2042989730834961, "passed": true}, "16": {"execution_time": 0.19603967666625977, "passed": true}, "17": {"execution_time": 0.2221379280090332, "passed": true}, "18": {"execution_time": 0.21047568321228027, "passed": true}, "19": {"execution_time": 0.20856308937072754, "passed": true}, "20": {"execution_time": 0.19823551177978516, "passed": true}, "21": {"execution_time": 0.175872802734375, "passed": true}, "22": {"execution_time": 0.23789048194885254, "passed": true}, "23": {"execution_time": 0.2264244556427002, "passed": true}}}, "check_style_score": "1/1"}