{"version": "1", "message": "ERROR: Hidden Testcases server unreachable.", "problem_id": "ads2_m2_a1_1", "user_id": "nandakishore723", "score": {"sample": {"0": {"execution_time": 0.19836091995239258, "passed": true}, "1": {"execution_time": 0.17426538467407227, "passed": true}, "2": {"execution_time": 0.17078757286071777, "passed": true}, "3": {"execution_time": 0.1631641387939453, "passed": true}, "4": {"execution_time": 0.15857529640197754, "passed": true}, "5": {"execution_time": 0.1685492992401123, "passed": true}, "6": {"execution_time": 0.1614682674407959, "passed": true}, "7": {"execution_time": 0.17203998565673828, "passed": true}, "8": {"execution_time": 0.16156768798828125, "passed": true}, "9": {"execution_time": 0.17296075820922852, "passed": true}, "10": {"execution_time": 0.172318696975708, "passed": true}, "11": {"execution_time": 0.1689281463623047, "passed": true}, "12": {"execution_time": 0.17154741287231445, "passed": true}, "13": {"execution_time": 0.17252707481384277, "passed": true}, "14": {"execution_time": 0.17362117767333984, "passed": true}, "15": {"execution_time": 0.1863691806793213, "passed": true}, "16": {"execution_time": 0.17558574676513672, "passed": true}, "17": {"execution_time": 0.21308016777038574, "passed": true}, "18": {"execution_time": 0.19447970390319824, "passed": true}, "19": {"execution_time": 0.20245885848999023, "passed": true}, "20": {"execution_time": 0.2124314308166504, "passed": true}, "21": {"execution_time": 0.1809232234954834, "passed": true}, "22": {"execution_time": 0.2146461009979248, "passed": true}, "23": {"execution_time": 0.23410773277282715, "passed": true}}}, "check_style_score": "1/1"}