{"version": "1", "message": "ERROR: Hidden Testcases server unreachable.", "problem_id": "ads2_m2_a1_1", "user_id": "nandakishore723", "score": {"sample": {"0": {"execution_time": 0.21121573448181152, "passed": true}, "1": {"execution_time": 0.15558457374572754, "passed": true}, "2": {"execution_time": 0.18685483932495117, "passed": true}, "3": {"execution_time": 0.16413044929504395, "passed": true}, "4": {"execution_time": 0.18346166610717773, "passed": true}, "5": {"execution_time": 0.17611050605773926, "passed": true}, "6": {"execution_time": 0.3420860767364502, "passed": true}, "7": {"execution_time": 0.15957331657409668, "passed": true}, "8": {"execution_time": 0.19148802757263184, "passed": true}, "9": {"execution_time": 0.1835310459136963, "passed": true}, "10": {"execution_time": 0.18180298805236816, "passed": true}, "11": {"execution_time": 0.18552112579345703, "passed": true}, "12": {"execution_time": 0.17711806297302246, "passed": true}, "13": {"execution_time": 0.18570446968078613, "passed": true}, "14": {"execution_time": 0.1904900074005127, "passed": true}, "15": {"execution_time": 0.18277812004089355, "passed": true}, "16": {"execution_time": 0.20329666137695312, "passed": true}, "17": {"execution_time": 0.2204890251159668, "passed": true}, "18": {"execution_time": 0.21750688552856445, "passed": true}, "19": {"execution_time": 0.22164583206176758, "passed": true}, "20": {"execution_time": 0.22660493850708008, "passed": true}, "21": {"execution_time": 0.17462778091430664, "passed": true}, "22": {"execution_time": 0.2342519760131836, "passed": true}, "23": {"execution_time": 0.23965787887573242, "passed": true}}}, "check_style_score": "1/1"}