{"version": "1", "message": "ERROR: Hidden Testcases server unreachable.", "problem_id": "ads2_m2_a1_1", "user_id": "nandakishore723", "score": {"sample": {"0": {"execution_time": 0.20878171920776367, "passed": true}, "1": {"execution_time": 0.18524622917175293, "passed": true}, "2": {"execution_time": 0.1844935417175293, "passed": true}, "3": {"execution_time": 0.17267155647277832, "passed": true}, "4": {"execution_time": 0.18132376670837402, "passed": true}, "5": {"execution_time": 0.19447922706604004, "passed": true}, "6": {"execution_time": 0.18924593925476074, "passed": true}, "7": {"execution_time": 0.18369483947753906, "passed": true}, "8": {"execution_time": 0.18261384963989258, "passed": true}, "9": {"execution_time": 0.18158197402954102, "passed": true}, "10": {"execution_time": 0.1824333667755127, "passed": true}, "11": {"execution_time": 0.19148778915405273, "passed": true}, "12": {"execution_time": 0.17950987815856934, "passed": true}, "13": {"execution_time": 0.19468069076538086, "passed": true}, "14": {"execution_time": 0.1750049591064453, "passed": true}, "15": {"execution_time": 0.2021028995513916, "passed": true}, "16": {"execution_time": 0.19591379165649414, "passed": true}, "17": {"execution_time": 0.30034446716308594, "passed": true}, "18": {"execution_time": 0.21079230308532715, "passed": true}, "19": {"execution_time": 0.22479867935180664, "passed": true}, "20": {"execution_time": 0.22561025619506836, "passed": true}, "21": {"execution_time": 0.1943049430847168, "passed": true}, "22": {"execution_time": 0.24098682403564453, "passed": true}, "23": {"execution_time": 0.23766493797302246, "passed": true}}}, "check_style_score": "1/1"}