{"version": "1", "message": "ERROR: Hidden Testcases server unreachable.", "problem_id": "ads2_m2_a1_1", "user_id": "nandakishore723", "score": {"sample": {"0": {"execution_time": 0.1815967559814453, "passed": true}, "1": {"execution_time": 0.17095208168029785, "passed": true}, "2": {"execution_time": 0.17182350158691406, "passed": true}, "3": {"execution_time": 0.16222000122070312, "passed": true}, "4": {"execution_time": 0.15691471099853516, "passed": true}, "5": {"execution_time": 0.16723847389221191, "passed": true}, "6": {"execution_time": 0.1715867519378662, "passed": true}, "7": {"execution_time": 0.15859293937683105, "passed": true}, "8": {"execution_time": 0.15956664085388184, "passed": true}, "9": {"execution_time": 0.1679542064666748, "passed": true}, "10": {"execution_time": 0.17099905014038086, "passed": true}, "11": {"execution_time": 0.15895748138427734, "passed": true}, "12": {"execution_time": 0.15877676010131836, "passed": true}, "13": {"execution_time": 0.17547869682312012, "passed": true}, "14": {"execution_time": 0.16655445098876953, "passed": true}, "15": {"execution_time": 0.17852282524108887, "passed": true}, "16": {"execution_time": 0.19355297088623047, "passed": true}, "17": {"execution_time": 0.20345497131347656, "passed": true}, "18": {"execution_time": 0.19860625267028809, "passed": true}, "19": {"execution_time": 0.2111659049987793, "passed": true}, "20": {"execution_time": 0.217850923538208, "passed": true}, "21": {"execution_time": 0.1621708869934082, "passed": true}, "22": {"execution_time": 0.22984766960144043, "passed": true}, "23": {"execution_time": 0.21683907508850098, "passed": true}}}, "check_style_score": "1/1"}