{"version": "1", "message": "ERROR: Hidden Testcases server unreachable.", "problem_id": "ads2_m2_a1_1", "user_id": "nandakishore723", "score": {"sample": {"0": {"execution_time": 0.22152400016784668, "passed": true}, "1": {"execution_time": 0.1760694980621338, "passed": true}, "2": {"execution_time": 0.16612768173217773, "passed": true}, "3": {"execution_time": 0.1662614345550537, "passed": true}, "4": {"execution_time": 0.167738676071167, "passed": true}, "5": {"execution_time": 0.1562480926513672, "passed": true}, "6": {"execution_time": 0.1690821647644043, "passed": true}, "7": {"execution_time": 0.17588210105895996, "passed": true}, "8": {"execution_time": 0.6235032081604004, "passed": true}, "9": {"execution_time": 0.17102432250976562, "passed": true}, "10": {"execution_time": 0.17728614807128906, "passed": true}, "11": {"execution_time": 0.18474578857421875, "passed": true}, "12": {"execution_time": 0.16549992561340332, "passed": true}, "13": {"execution_time": 0.1735670566558838, "passed": true}, "14": {"execution_time": 0.19831347465515137, "passed": true}, "15": {"execution_time": 0.2174680233001709, "passed": true}, "16": {"execution_time": 0.19135069847106934, "passed": true}, "17": {"execution_time": 0.22235965728759766, "passed": true}, "18": {"execution_time": 0.23357081413269043, "passed": true}, "19": {"execution_time": 0.2186136245727539, "passed": true}, "20": {"execution_time": 0.3034341335296631, "passed": true}, "21": {"execution_time": 0.26273536682128906, "passed": true}, "22": {"execution_time": 0.3504190444946289, "passed": true}, "23": {"execution_time": 0.3347141742706299, "passed": true}}}, "check_style_score": "1/1"}