{"version": "1", "message": "ERROR: Hidden Testcases server unreachable.", "problem_id": "ads2_m2_a1_1", "user_id": "nandakishore723", "score": {"sample": {"0": {"execution_time": 0.20702815055847168, "passed": true}, "1": {"execution_time": 0.17254257202148438, "passed": true}, "2": {"execution_time": 0.16655468940734863, "passed": true}, "3": {"execution_time": 0.16655611991882324, "passed": true}, "4": {"execution_time": 0.19148826599121094, "passed": true}, "5": {"execution_time": 0.1806654930114746, "passed": true}, "6": {"execution_time": 0.18051767349243164, "passed": true}, "7": {"execution_time": 0.17234396934509277, "passed": true}, "8": {"execution_time": 0.18954968452453613, "passed": true}, "9": {"execution_time": 0.1796855926513672, "passed": true}, "10": {"execution_time": 0.16328668594360352, "passed": true}, "11": {"execution_time": 0.19188714027404785, "passed": true}, "12": {"execution_time": 0.1758742332458496, "passed": true}, "13": {"execution_time": 0.17353558540344238, "passed": true}, "14": {"execution_time": 0.18546056747436523, "passed": true}, "15": {"execution_time": 0.20574188232421875, "passed": true}, "16": {"execution_time": 0.21072125434875488, "passed": true}, "17": {"execution_time": 0.21654796600341797, "passed": true}, "18": {"execution_time": 0.2035665512084961, "passed": true}, "19": {"execution_time": 0.2231154441833496, "passed": true}, "20": {"execution_time": 0.31251978874206543, "passed": true}, "21": {"execution_time": 0.18307280540466309, "passed": true}, "22": {"execution_time": 0.25722336769104004, "passed": true}, "23": {"execution_time": 0.24005341529846191, "passed": true}}}, "check_style_score": "1/1"}