{"version": "1", "message": "ERROR: Hidden Testcases server unreachable.", "problem_id": "ads2_m2_a1_1", "user_id": "nandakishore723", "score": {"sample": {"0": {"execution_time": 0.18949174880981445, "passed": true}, "1": {"execution_time": 0.15658068656921387, "passed": true}, "2": {"execution_time": 0.17453384399414062, "passed": true}, "3": {"execution_time": 0.15957236289978027, "passed": true}, "4": {"execution_time": 0.1685492992401123, "passed": true}, "5": {"execution_time": 0.15558409690856934, "passed": true}, "6": {"execution_time": 0.157578706741333, "passed": true}, "7": {"execution_time": 0.16057109832763672, "passed": true}, "8": {"execution_time": 0.17009472846984863, "passed": true}, "9": {"execution_time": 0.1575789451599121, "passed": true}, "10": {"execution_time": 0.15558362007141113, "passed": true}, "11": {"execution_time": 0.17553067207336426, "passed": true}, "12": {"execution_time": 0.17253756523132324, "passed": true}, "13": {"execution_time": 0.16156697273254395, "passed": true}, "14": {"execution_time": 0.15857648849487305, "passed": true}, "15": {"execution_time": 0.2014608383178711, "passed": true}, "16": {"execution_time": 0.1655566692352295, "passed": true}, "17": {"execution_time": 0.2121105194091797, "passed": true}, "18": {"execution_time": 0.18940210342407227, "passed": true}, "19": {"execution_time": 0.20545005798339844, "passed": true}, "20": {"execution_time": 0.2024228572845459, "passed": true}, "21": {"execution_time": 0.16755175590515137, "passed": true}, "22": {"execution_time": 0.21941304206848145, "passed": true}, "23": {"execution_time": 0.2385542392730713, "passed": true}}}, "check_style_score": "1/1"}