{"version": "1", "message": "ERROR: Hidden Testcases server unreachable.", "problem_id": "ads2_m2_a1_1", "user_id": "nandakishore723", "score": {"sample": {"0": {"execution_time": 0.20067405700683594, "passed": true}, "1": {"execution_time": 0.18352699279785156, "passed": true}, "2": {"execution_time": 0.1817920207977295, "passed": true}, "3": {"execution_time": 0.18440604209899902, "passed": true}, "4": {"execution_time": 0.17558813095092773, "passed": true}, "5": {"execution_time": 0.3299117088317871, "passed": true}, "6": {"execution_time": 0.19671416282653809, "passed": true}, "7": {"execution_time": 0.17969465255737305, "passed": true}, "8": {"execution_time": 0.18080997467041016, "passed": true}, "9": {"execution_time": 0.1898059844970703, "passed": true}, "10": {"execution_time": 0.1907212734222412, "passed": true}, "11": {"execution_time": 0.1607682704925537, "passed": true}, "12": {"execution_time": 0.19051790237426758, "passed": true}, "13": {"execution_time": 0.29840660095214844, "passed": true}, "14": {"execution_time": 0.15868067741394043, "passed": true}, "15": {"execution_time": 0.17465519905090332, "passed": true}, "16": {"execution_time": 0.2079167366027832, "passed": true}, "17": {"execution_time": 0.23062419891357422, "passed": true}, "18": {"execution_time": 0.21533727645874023, "passed": true}, "19": {"execution_time": 0.2014615535736084, "passed": true}, "20": {"execution_time": 0.21642088890075684, "passed": true}, "21": {"execution_time": 0.19049072265625, "passed": true}, "22": {"execution_time": 0.23237848281860352, "passed": true}, "23": {"execution_time": 0.24736809730529785, "passed": true}}}, "check_style_score": "1/1"}