{"version": "1", "message": "ERROR: Hidden Testcases server unreachable.", "problem_id": "ads2_m2_a1_1", "user_id": "nandakishore723", "score": {"sample": {"0": {"execution_time": 0.20650529861450195, "passed": true}, "1": {"execution_time": 0.15641403198242188, "passed": true}, "2": {"execution_time": 0.16396355628967285, "passed": true}, "3": {"execution_time": 0.19034051895141602, "passed": true}, "4": {"execution_time": 0.16563963890075684, "passed": true}, "5": {"execution_time": 0.2403573989868164, "passed": true}, "6": {"execution_time": 0.174576997756958, "passed": true}, "7": {"execution_time": 0.16356182098388672, "passed": true}, "8": {"execution_time": 0.16655445098876953, "passed": true}, "9": {"execution_time": 0.17933893203735352, "passed": true}, "10": {"execution_time": 0.17428994178771973, "passed": true}, "11": {"execution_time": 0.336961030960083, "passed": true}, "12": {"execution_time": 0.17747092247009277, "passed": true}, "13": {"execution_time": 0.18446135520935059, "passed": true}, "14": {"execution_time": 0.18403410911560059, "passed": true}, "15": {"execution_time": 0.2036142349243164, "passed": true}, "16": {"execution_time": 0.20765471458435059, "passed": true}, "17": {"execution_time": 0.21776747703552246, "passed": true}, "18": {"execution_time": 0.21999073028564453, "passed": true}, "19": {"execution_time": 0.21892428398132324, "passed": true}, "20": {"execution_time": 0.22438549995422363, "passed": true}, "21": {"execution_time": 0.1895005702972412, "passed": true}, "22": {"execution_time": 0.2408132553100586, "passed": true}, "23": {"execution_time": 0.24413776397705078, "passed": true}}}, "check_style_score": "1/1"}