{"version": "1", "message": "ERROR: Hidden Testcases server unreachable.", "problem_id": "ads2_m2_a1_1", "user_id": "nandakishore723", "score": {"sample": {"0": {"execution_time": 0.18800997734069824, "passed": true}, "1": {"execution_time": 0.17749404907226562, "passed": true}, "2": {"execution_time": 0.1685476303100586, "passed": true}, "3": {"execution_time": 0.17453312873840332, "passed": true}, "4": {"execution_time": 0.18859195709228516, "passed": true}, "5": {"execution_time": 0.3511838912963867, "passed": true}, "6": {"execution_time": 0.168609619140625, "passed": true}, "7": {"execution_time": 0.18965673446655273, "passed": true}, "8": {"execution_time": 0.34558892250061035, "passed": true}, "9": {"execution_time": 0.18048095703125, "passed": true}, "10": {"execution_time": 0.18934154510498047, "passed": true}, "11": {"execution_time": 0.29229140281677246, "passed": true}, "12": {"execution_time": 0.17553257942199707, "passed": true}, "13": {"execution_time": 0.17272567749023438, "passed": true}, "14": {"execution_time": 0.19350218772888184, "passed": true}, "15": {"execution_time": 0.20366525650024414, "passed": true}, "16": {"execution_time": 0.20372605323791504, "passed": true}, "17": {"execution_time": 0.2390885353088379, "passed": true}, "18": {"execution_time": 0.22308826446533203, "passed": true}, "19": {"execution_time": 0.20345544815063477, "passed": true}, "20": {"execution_time": 0.23266363143920898, "passed": true}, "21": {"execution_time": 0.18949294090270996, "passed": true}, "22": {"execution_time": 0.23577404022216797, "passed": true}, "23": {"execution_time": 0.2455158233642578, "passed": true}}}, "check_style_score": "1/1"}