{"version": "1", "message": "ERROR: Hidden Testcases server unreachable.", "problem_id": "ads2_m2_a1_1", "user_id": "nandakishore723", "score": {"sample": {"0": {"execution_time": 0.1885058879852295, "passed": true}, "1": {"execution_time": 0.1655569076538086, "passed": true}, "2": {"execution_time": 0.16456055641174316, "passed": true}, "3": {"execution_time": 0.18337655067443848, "passed": true}, "4": {"execution_time": 0.17641568183898926, "passed": true}, "5": {"execution_time": 0.16547632217407227, "passed": true}, "6": {"execution_time": 0.17604613304138184, "passed": true}, "7": {"execution_time": 0.15436172485351562, "passed": true}, "8": {"execution_time": 0.18036246299743652, "passed": true}, "9": {"execution_time": 0.15882658958435059, "passed": true}, "10": {"execution_time": 0.1575789451599121, "passed": true}, "11": {"execution_time": 0.16956448554992676, "passed": true}, "12": {"execution_time": 0.1591203212738037, "passed": true}, "13": {"execution_time": 0.17329788208007812, "passed": true}, "14": {"execution_time": 0.16558313369750977, "passed": true}, "15": {"execution_time": 0.17846274375915527, "passed": true}, "16": {"execution_time": 0.18151402473449707, "passed": true}, "17": {"execution_time": 0.2135021686553955, "passed": true}, "18": {"execution_time": 0.20731830596923828, "passed": true}, "19": {"execution_time": 0.21730756759643555, "passed": true}, "20": {"execution_time": 0.21362662315368652, "passed": true}, "21": {"execution_time": 0.18120336532592773, "passed": true}, "22": {"execution_time": 0.22849655151367188, "passed": true}, "23": {"execution_time": 0.23636698722839355, "passed": true}}}, "check_style_score": "1/1"}