{"version": "1", "message": "ERROR: Hidden Testcases server unreachable.", "problem_id": "ads2_m2_a1_1", "user_id": "nandakishore723", "score": {"sample": {"0": {"execution_time": 0.19633078575134277, "passed": false}, "1": {"execution_time": 0.16507792472839355, "passed": false}, "2": {"execution_time": 0.18048572540283203, "passed": false}, "3": {"execution_time": 0.31615519523620605, "passed": false}, "4": {"execution_time": 0.15891432762145996, "passed": false}, "5": {"execution_time": 0.17866969108581543, "passed": false}, "6": {"execution_time": 0.18385934829711914, "passed": false}, "7": {"execution_time": 0.19144201278686523, "passed": false}, "8": {"execution_time": 0.19049072265625, "passed": false}, "9": {"execution_time": 0.1605982780456543, "passed": false}, "10": {"execution_time": 0.18140220642089844, "passed": false}, "11": {"execution_time": 0.18352556228637695, "passed": false}, "12": {"execution_time": 0.16658401489257812, "passed": false}, "13": {"execution_time": 0.18154525756835938, "passed": false}, "14": {"execution_time": 0.17718052864074707, "passed": false}, "15": {"execution_time": 0.20819473266601562, "passed": false}, "16": {"execution_time": 0.19747209548950195, "passed": false}, "17": {"execution_time": 0.23778867721557617, "passed": false}, "18": {"execution_time": 0.20485281944274902, "passed": false}, "19": {"execution_time": 0.21951675415039062, "passed": false}, "20": {"execution_time": 0.22977972030639648, "passed": false}, "21": {"execution_time": 0.19404006004333496, "passed": false}, "22": {"execution_time": 0.23121953010559082, "passed": false}, "23": {"execution_time": 0.25286293029785156, "passed": false}}}, "check_style_score": "1/1"}