{"version": "1", "message": "ERROR: Hidden Testcases server unreachable.", "problem_id": "ads2_m2_a1_1", "user_id": "nandakishore723", "score": {"sample": {"0": {"execution_time": 0.21677184104919434, "passed": true}, "1": {"execution_time": 0.17355608940124512, "passed": true}, "2": {"execution_time": 0.15872502326965332, "passed": true}, "3": {"execution_time": 0.16745686531066895, "passed": true}, "4": {"execution_time": 0.1646289825439453, "passed": true}, "5": {"execution_time": 0.1715686321258545, "passed": true}, "6": {"execution_time": 0.17267227172851562, "passed": true}, "7": {"execution_time": 0.18350815773010254, "passed": true}, "8": {"execution_time": 0.1605701446533203, "passed": true}, "9": {"execution_time": 0.17955470085144043, "passed": true}, "10": {"execution_time": 0.16954612731933594, "passed": true}, "11": {"execution_time": 0.2503364086151123, "passed": true}, "12": {"execution_time": 0.1603405475616455, "passed": true}, "13": {"execution_time": 0.16755056381225586, "passed": true}, "14": {"execution_time": 0.18019843101501465, "passed": true}, "15": {"execution_time": 0.22045516967773438, "passed": true}, "16": {"execution_time": 0.19278907775878906, "passed": true}, "17": {"execution_time": 0.20766329765319824, "passed": true}, "18": {"execution_time": 0.21256041526794434, "passed": true}, "19": {"execution_time": 0.22034549713134766, "passed": true}, "20": {"execution_time": 0.22857260704040527, "passed": true}, "21": {"execution_time": 0.16136550903320312, "passed": true}, "22": {"execution_time": 0.33464694023132324, "passed": false}, "23": {"execution_time": 0.22848081588745117, "passed": true}}}, "check_style_score": "0/1"}