{"version": "1", "message": "ERROR: Hidden Testcases server unreachable.", "problem_id": "ads2_m2_a1_1", "user_id": "nandakishore723", "score": {"sample": {"0": {"execution_time": 0.18450617790222168, "passed": false}, "1": {"execution_time": 0.15653681755065918, "passed": false}, "2": {"execution_time": 0.16958999633789062, "passed": false}, "3": {"execution_time": 0.17568373680114746, "passed": false}, "4": {"execution_time": 0.17186188697814941, "passed": false}, "5": {"execution_time": 0.16970586776733398, "passed": false}, "6": {"execution_time": 0.15929412841796875, "passed": false}, "7": {"execution_time": 0.17157626152038574, "passed": false}, "8": {"execution_time": 0.17760157585144043, "passed": false}, "9": {"execution_time": 0.16435694694519043, "passed": false}, "10": {"execution_time": 0.15778303146362305, "passed": false}, "11": {"execution_time": 0.15864300727844238, "passed": false}, "12": {"execution_time": 0.17404413223266602, "passed": false}, "13": {"execution_time": 0.17265868186950684, "passed": false}, "14": {"execution_time": 0.1737682819366455, "passed": false}, "15": {"execution_time": 0.176527738571167, "passed": false}, "16": {"execution_time": 0.17737364768981934, "passed": false}, "17": {"execution_time": 0.2269442081451416, "passed": false}, "18": {"execution_time": 0.20397162437438965, "passed": false}, "19": {"execution_time": 0.18691492080688477, "passed": false}, "20": {"execution_time": 0.21819067001342773, "passed": false}, "21": {"execution_time": 0.16758966445922852, "passed": false}, "22": {"execution_time": 0.2160351276397705, "passed": false}, "23": {"execution_time": 0.227097749710083, "passed": false}}}, "check_style_score": "1/1"}