{"version": "1", "message": "ERROR: Hidden Testcases server unreachable.", "problem_id": "ads2_m6_a1_1", "user_id": "nandakishore723", "score": {"sample": {"0": {"execution_time": 0.24349474906921387, "passed": false}, "1": {"execution_time": 0.22928905487060547, "passed": false}, "2": {"execution_time": 0.22745418548583984, "passed": false}, "3": {"execution_time": 0.2395005226135254, "passed": false}, "4": {"execution_time": 0.2395036220550537, "passed": false}, "5": {"execution_time": 0.22941088676452637, "passed": false}, "6": {"execution_time": 0.24579310417175293, "passed": true}, "7": {"execution_time": 0.22252750396728516, "passed": false}, "8": {"execution_time": 0.23453545570373535, "passed": false}, "9": {"execution_time": 0.23952221870422363, "passed": false}, "10": {"execution_time": 0.23874664306640625, "passed": true}, "11": {"execution_time": 0.24744653701782227, "passed": false}}}, "check_style_score": "0/1"}