{"version": "1", "message": "ERROR: Hidden Testcases server unreachable.", "problem_id": "ads2_m6_a1_1", "user_id": "nandakishore723", "score": {"sample": {"0": {"execution_time": 0.22742891311645508, "passed": false}, "1": {"execution_time": 0.23239827156066895, "passed": false}, "2": {"execution_time": 0.21928763389587402, "passed": false}, "3": {"execution_time": 0.23047399520874023, "passed": false}, "4": {"execution_time": 0.23453307151794434, "passed": false}, "5": {"execution_time": 0.23209333419799805, "passed": false}, "6": {"execution_time": 0.23351335525512695, "passed": false}, "7": {"execution_time": 0.23249602317810059, "passed": false}, "8": {"execution_time": 0.23860859870910645, "passed": false}, "9": {"execution_time": 0.2567458152770996, "passed": false}, "10": {"execution_time": 0.23764967918395996, "passed": false}, "11": {"execution_time": 0.22910380363464355, "passed": false}}}, "check_style_score": "0/1"}