{"version": "1", "message": "ERROR: Hidden Testcases server unreachable.", "problem_id": "ads2_m6_a1_1", "user_id": "nandakishore723", "score": {"sample": {"0": {"execution_time": 0.2380831241607666, "passed": false}, "1": {"execution_time": 0.25540924072265625, "passed": false}, "2": {"execution_time": 0.2354872226715088, "passed": false}, "3": {"execution_time": 0.23349499702453613, "passed": false}, "4": {"execution_time": 0.23504424095153809, "passed": false}, "5": {"execution_time": 0.22304224967956543, "passed": false}, "6": {"execution_time": 0.23117685317993164, "passed": false}, "7": {"execution_time": 0.2240159511566162, "passed": false}, "8": {"execution_time": 0.21754837036132812, "passed": false}, "9": {"execution_time": 0.22229266166687012, "passed": false}, "10": {"execution_time": 0.2302265167236328, "passed": false}, "11": {"execution_time": 0.2773447036743164, "passed": false}}}, "check_style_score": "0/1"}