{"version": "1", "message": "ERROR: Hidden Testcases server unreachable.", "problem_id": "ads2_m6_a1_1", "user_id": "nandakishore723", "score": {"sample": {"0": {"execution_time": 0.23836183547973633, "passed": false}, "1": {"execution_time": 0.223402738571167, "passed": false}, "2": {"execution_time": 0.24135541915893555, "passed": false}, "3": {"execution_time": 0.2732679843902588, "passed": false}, "4": {"execution_time": 0.23138165473937988, "passed": false}, "5": {"execution_time": 0.2234032154083252, "passed": false}, "6": {"execution_time": 0.2483353614807129, "passed": true}, "7": {"execution_time": 0.27725911140441895, "passed": false}, "8": {"execution_time": 0.2642948627471924, "passed": false}, "9": {"execution_time": 0.22838830947875977, "passed": false}, "10": {"execution_time": 0.2902240753173828, "passed": true}, "11": {"execution_time": 0.22440004348754883, "passed": false}}}, "check_style_score": "0/1"}