{"version": "1", "message": "ERROR: Hidden Testcases server unreachable.", "problem_id": "ads2_m6_a1_1", "user_id": "nandakishore723", "score": {"sample": {"0": {"execution_time": 0.23344635963439941, "passed": false}, "1": {"execution_time": 0.22036457061767578, "passed": false}, "2": {"execution_time": 0.22063326835632324, "passed": false}, "3": {"execution_time": 0.23479199409484863, "passed": false}, "4": {"execution_time": 0.24772095680236816, "passed": false}, "5": {"execution_time": 0.2823021411895752, "passed": false}, "6": {"execution_time": 0.23455286026000977, "passed": false}, "7": {"execution_time": 0.2722311019897461, "passed": false}, "8": {"execution_time": 0.2203080654144287, "passed": false}, "9": {"execution_time": 0.22949004173278809, "passed": false}, "10": {"execution_time": 0.2569551467895508, "passed": false}, "11": {"execution_time": 0.2840290069580078, "passed": false}}}, "check_style_score": "0/1"}