{"version": "1", "message": "ERROR: Hidden Testcases server unreachable.", "problem_id": "ads2_m6_a1_1", "user_id": "nandakishore723", "score": {"sample": {"0": {"execution_time": 0.22122836112976074, "passed": false}, "1": {"execution_time": 0.22203397750854492, "passed": false}, "2": {"execution_time": 0.2321338653564453, "passed": false}, "3": {"execution_time": 0.2317357063293457, "passed": false}, "4": {"execution_time": 0.23138689994812012, "passed": false}, "5": {"execution_time": 0.23236346244812012, "passed": false}, "6": {"execution_time": 0.23751306533813477, "passed": true}, "7": {"execution_time": 0.23848772048950195, "passed": false}, "8": {"execution_time": 0.21747112274169922, "passed": false}, "9": {"execution_time": 0.23648977279663086, "passed": false}, "10": {"execution_time": 0.22449779510498047, "passed": true}, "11": {"execution_time": 0.22589612007141113, "passed": false}}}, "check_style_score": "0/1"}