{"version": "1", "message": "ERROR: Hidden Testcases server unreachable.", "problem_id": "ads2_m6_a1_1", "user_id": "nandakishore723", "score": {"sample": {"0": {"execution_time": 0.4019196033477783, "passed": false}, "1": {"execution_time": 0.3844566345214844, "passed": false}, "2": {"execution_time": 0.4406776428222656, "passed": false}, "3": {"execution_time": 0.39105653762817383, "passed": false}, "4": {"execution_time": 0.3733952045440674, "passed": false}, "5": {"execution_time": 0.2536354064941406, "passed": false}, "6": {"execution_time": 0.2579925060272217, "passed": true}, "7": {"execution_time": 0.256450891494751, "passed": false}, "8": {"execution_time": 0.2652900218963623, "passed": false}, "9": {"execution_time": 0.23337483406066895, "passed": false}, "10": {"execution_time": 0.23417139053344727, "passed": true}, "11": {"execution_time": 0.24235177040100098, "passed": false}}}, "check_style_score": "0/1"}