{"version": "1", "message": "ERROR: Hidden Testcases server unreachable.", "problem_id": "ads2_m6_a1_1", "user_id": "nandakishore723", "score": {"sample": {"0": {"execution_time": 0.28871631622314453, "passed": false}, "1": {"execution_time": 0.2623403072357178, "passed": false}, "2": {"execution_time": 0.23659515380859375, "passed": false}, "3": {"execution_time": 0.23247814178466797, "passed": false}, "4": {"execution_time": 0.24162864685058594, "passed": false}, "5": {"execution_time": 0.24148297309875488, "passed": false}, "6": {"execution_time": 0.23522520065307617, "passed": true}, "7": {"execution_time": 0.23797321319580078, "passed": false}, "8": {"execution_time": 0.24035406112670898, "passed": false}, "9": {"execution_time": 0.22757959365844727, "passed": false}, "10": {"execution_time": 0.2374570369720459, "passed": true}, "11": {"execution_time": 0.2415473461151123, "passed": false}}}, "check_style_score": "0/1"}