{"version": "1", "message": "ERROR: Hidden Testcases server unreachable.", "problem_id": "ads2_m6_a1_1", "user_id": "nandakishore723", "score": {"sample": {"0": {"execution_time": 0.2753171920776367, "passed": false}, "1": {"execution_time": 0.24563217163085938, "passed": false}, "2": {"execution_time": 0.2254626750946045, "passed": false}, "3": {"execution_time": 0.24446654319763184, "passed": false}, "4": {"execution_time": 0.2380988597869873, "passed": false}, "5": {"execution_time": 0.241485595703125, "passed": false}, "6": {"execution_time": 0.2273716926574707, "passed": true}, "7": {"execution_time": 0.24680471420288086, "passed": false}, "8": {"execution_time": 0.24757790565490723, "passed": false}, "9": {"execution_time": 0.24166035652160645, "passed": false}, "10": {"execution_time": 0.25870180130004883, "passed": true}, "11": {"execution_time": 0.24689674377441406, "passed": false}}}, "check_style_score": "0/1"}