{"version": "1", "message": "ERROR: Hidden Testcases server unreachable.", "problem_id": "ads2_m6_a1_1", "user_id": "nandakishore723", "score": {"sample": {"0": {"execution_time": 0.41009521484375, "passed": false}, "1": {"execution_time": 0.4015357494354248, "passed": false}, "2": {"execution_time": 0.40607309341430664, "passed": false}, "3": {"execution_time": 0.40296149253845215, "passed": false}, "4": {"execution_time": 0.40420031547546387, "passed": false}, "5": {"execution_time": 0.36768412590026855, "passed": false}, "6": {"execution_time": 0.3947107791900635, "passed": true}, "7": {"execution_time": 0.4006919860839844, "passed": false}, "8": {"execution_time": 0.3521840572357178, "passed": false}, "9": {"execution_time": 0.3873786926269531, "passed": false}, "10": {"execution_time": 0.39522743225097656, "passed": true}, "11": {"execution_time": 0.3689718246459961, "passed": false}}}, "check_style_score": "0/1"}