{"version": "1", "message": "ERROR: Hidden Testcases server unreachable.", "problem_id": "ads2_m6_a1_1", "user_id": "nandakishore723", "score": {"sample": {"0": {"execution_time": 0.24302148818969727, "passed": false}, "1": {"execution_time": 0.24198555946350098, "passed": false}, "2": {"execution_time": 0.23941707611083984, "passed": false}, "3": {"execution_time": 0.2374427318572998, "passed": false}, "4": {"execution_time": 0.2560553550720215, "passed": false}, "5": {"execution_time": 0.22901606559753418, "passed": false}, "6": {"execution_time": 0.24330902099609375, "passed": false}, "7": {"execution_time": 0.23348665237426758, "passed": false}, "8": {"execution_time": 0.2677462100982666, "passed": false}, "9": {"execution_time": 0.236558198928833, "passed": false}, "10": {"execution_time": 0.2358570098876953, "passed": false}, "11": {"execution_time": 0.2410907745361328, "passed": false}}}, "check_style_score": "0/1"}