{"version": "1", "message": "ERROR: Hidden Testcases server unreachable.", "problem_id": "ads2_m6_a1_1", "user_id": "nandakishore723", "score": {"sample": {"0": {"execution_time": 0.4014747142791748, "passed": false}, "1": {"execution_time": 0.40084409713745117, "passed": false}, "2": {"execution_time": 0.3694314956665039, "passed": false}, "3": {"execution_time": 0.4031951427459717, "passed": false}, "4": {"execution_time": 0.4024391174316406, "passed": false}, "5": {"execution_time": 0.40265631675720215, "passed": false}, "6": {"execution_time": 0.4000520706176758, "passed": true}, "7": {"execution_time": 0.4221992492675781, "passed": false}, "8": {"execution_time": 0.38456034660339355, "passed": false}, "9": {"execution_time": 0.38959336280822754, "passed": false}, "10": {"execution_time": 0.38727688789367676, "passed": true}, "11": {"execution_time": 0.40082693099975586, "passed": false}}}, "check_style_score": "0/1"}