{"version": "1", "message": "ERROR: Hidden Testcases server unreachable.", "problem_id": "ads2_m4_a1_1", "user_id": "nandakishore723", "score": {"sample": {"0": {"execution_time": 0.22451448440551758, "passed": true}, "1": {"execution_time": 0.26144909858703613, "passed": true}, "2": {"execution_time": 0.28427791595458984, "passed": true}, "3": {"execution_time": 0.29921913146972656, "passed": true}, "4": {"execution_time": 0.25131750106811523, "passed": true}, "5": {"execution_time": 0.24045467376708984, "passed": true}, "6": {"execution_time": 0.22942042350769043, "passed": true}, "7": {"execution_time": 0.24933314323425293, "passed": true}, "8": {"execution_time": 0.21749210357666016, "passed": true}, "9": {"execution_time": 0.23636913299560547, "passed": true}, "10": {"execution_time": 0.18502259254455566, "passed": true}, "11": {"execution_time": 0.18436217308044434, "passed": true}, "12": {"execution_time": 0.18247175216674805, "passed": true}, "13": {"execution_time": 0.943692684173584, "passed": true}, "14": {"execution_time": 0.17982268333435059, "passed": true}}}, "check_style_score": "1/1"}