{"version": "1", "message": "ERROR: Hidden Testcases server unreachable.", "problem_id": "ads2_m4_a1_1", "user_id": "nandakishore723", "score": {"sample": {"0": {"execution_time": 0.27666282653808594, "passed": true}, "1": {"execution_time": 0.23914837837219238, "passed": true}, "2": {"execution_time": 0.2608633041381836, "passed": true}, "3": {"execution_time": 0.2619340419769287, "passed": true}, "4": {"execution_time": 0.21124505996704102, "passed": true}, "5": {"execution_time": 0.19979548454284668, "passed": true}, "6": {"execution_time": 0.2006993293762207, "passed": true}, "7": {"execution_time": 0.2154548168182373, "passed": true}, "8": {"execution_time": 0.23694539070129395, "passed": true}, "9": {"execution_time": 0.18417716026306152, "passed": true}, "10": {"execution_time": 0.19116544723510742, "passed": true}, "11": {"execution_time": 0.20229721069335938, "passed": true}, "12": {"execution_time": 0.1785564422607422, "passed": true}, "13": {"execution_time": 1.1569128036499023, "passed": true}, "14": {"execution_time": 0.23537135124206543, "passed": true}}}, "check_style_score": "0/1"}