{"version": "1", "message": "ERROR: Hidden Testcases server unreachable.", "problem_id": "ads2_m4_a1_1", "user_id": "nandakishore723", "score": {"sample": {"0": {"execution_time": 0.21878719329833984, "passed": true}, "1": {"execution_time": 0.23881173133850098, "passed": true}, "2": {"execution_time": 0.2788693904876709, "passed": true}, "3": {"execution_time": 0.3001704216003418, "passed": true}, "4": {"execution_time": 0.19994091987609863, "passed": true}, "5": {"execution_time": 0.22142910957336426, "passed": true}, "6": {"execution_time": 0.20348453521728516, "passed": true}, "7": {"execution_time": 0.23354387283325195, "passed": true}, "8": {"execution_time": 0.23241424560546875, "passed": true}, "9": {"execution_time": 0.19719457626342773, "passed": true}, "10": {"execution_time": 0.18281769752502441, "passed": true}, "11": {"execution_time": 0.18177461624145508, "passed": true}, "12": {"execution_time": 0.19649267196655273, "passed": true}, "13": {"execution_time": 0.9172711372375488, "passed": true}, "14": {"execution_time": 0.19164633750915527, "passed": true}}}, "check_style_score": "0/1"}