{"version": "1", "message": "ERROR: Hidden Testcases server unreachable.", "problem_id": "ads2_m4_a1_1", "user_id": "nandakishore723", "score": {"sample": {"0": {"execution_time": 0.21466922760009766, "passed": true}, "1": {"execution_time": 0.2291884422302246, "passed": true}, "2": {"execution_time": 0.2510650157928467, "passed": true}, "3": {"execution_time": 0.2555046081542969, "passed": true}, "4": {"execution_time": 0.22449827194213867, "passed": true}, "5": {"execution_time": 0.21241378784179688, "passed": true}, "6": {"execution_time": 0.20740771293640137, "passed": true}, "7": {"execution_time": 0.19957971572875977, "passed": true}, "8": {"execution_time": 0.22527456283569336, "passed": true}, "9": {"execution_time": 0.17659807205200195, "passed": true}, "10": {"execution_time": 0.19269013404846191, "passed": true}, "11": {"execution_time": 0.17736363410949707, "passed": true}, "12": {"execution_time": 0.19377565383911133, "passed": true}, "13": {"execution_time": 0.9883546829223633, "passed": true}, "14": {"execution_time": 0.17992663383483887, "passed": true}}}, "check_style_score": "1/1"}