{"version": "1", "message": "ERROR: Hidden Testcases server unreachable.", "problem_id": "ads2_m16_a1_1", "user_id": "nandakishore723", "score": {"sample": {"0": {"execution_time": 0.34862279891967773, "passed": true}, "1": {"execution_time": 0.2625758647918701, "passed": true}, "2": {"execution_time": 0.6669204235076904, "passed": true}, "3": {"execution_time": 0.6065948009490967, "passed": true}, "4": {"execution_time": 0.6593260765075684, "passed": true}, "5": {"execution_time": 0.6149392127990723, "passed": true}, "6": {"execution_time": 0.5989129543304443, "passed": true}, "7": {"execution_time": 0.5954113006591797, "passed": true}, "8": {"execution_time": 0.3953235149383545, "passed": true}, "9": {"execution_time": 0.5746312141418457, "passed": true}, "10": {"execution_time": 0.6773443222045898, "passed": true}, "11": {"execution_time": 4.0178985595703125, "passed": true}, "12": {"execution_time": 0.5958905220031738, "passed": true}, "13": {"execution_time": 0.26361703872680664, "passed": true}, "14": {"execution_time": 0.5860748291015625, "passed": true}, "15": {"execution_time": 0.6150529384613037, "passed": true}, "16": {"execution_time": 0.3696746826171875, "passed": true}, "17": {"execution_time": 0.3034818172454834, "passed": true}, "18": {"execution_time": 0.30941319465637207, "passed": true}, "19": {"execution_time": 0.3089442253112793, "passed": true}, "20": {"execution_time": 0.32515716552734375, "passed": true}, "21": {"execution_time": 0.301241397857666, "passed": true}, "22": {"execution_time": 0.3024113178253174, "passed": true}, "23": {"execution_time": 0.30964064598083496, "passed": true}, "24": {"execution_time": 0.23679637908935547, "passed": true}, "25": {"execution_time": 0.5865867137908936, "passed": true}, "26": {"execution_time": 0.5761590003967285, "passed": true}, "27": {"execution_time": 0.6415715217590332, "passed": true}, "28": {"execution_time": 1.0650618076324463, "passed": true}, "29": {"execution_time": 0.27373671531677246, "passed": false}}}, "check_style_score": "0/1"}