{"version": "1", "message": "ERROR: Hidden Testcases server unreachable.", "problem_id": "ads2_m16_a1_1", "user_id": "nandakishore723", "score": {"sample": {"0": {"execution_time": 0.4567089080810547, "passed": false}, "1": {"execution_time": 0.35282278060913086, "passed": false}, "2": {"execution_time": 0.4149899482727051, "passed": false}, "3": {"execution_time": 0.42414259910583496, "passed": false}, "4": {"execution_time": 0.37604355812072754, "passed": false}, "5": {"execution_time": 0.5109872817993164, "passed": false}, "6": {"execution_time": 0.5119969844818115, "passed": false}, "7": {"execution_time": 0.40967416763305664, "passed": false}, "8": {"execution_time": 0.24981212615966797, "passed": false}, "9": {"execution_time": 0.41760849952697754, "passed": false}, "10": {"execution_time": 0.38873767852783203, "passed": false}, "11": {"execution_time": 0.21645450592041016, "passed": false}, "12": {"execution_time": 0.4893338680267334, "passed": false}, "13": {"execution_time": 0.22423362731933594, "passed": true}, "14": {"execution_time": 0.3896143436431885, "passed": false}, "15": {"execution_time": 0.4141838550567627, "passed": false}, "16": {"execution_time": 0.26242685317993164, "passed": false}, "17": {"execution_time": 0.2685425281524658, "passed": false}, "18": {"execution_time": 0.2572329044342041, "passed": false}, "19": {"execution_time": 0.26849889755249023, "passed": false}, "20": {"execution_time": 0.26145458221435547, "passed": false}, "21": {"execution_time": 0.2664010524749756, "passed": false}, "22": {"execution_time": 0.25856542587280273, "passed": false}, "23": {"execution_time": 0.2574188709259033, "passed": false}, "24": {"execution_time": 0.22869110107421875, "passed": true}, "25": {"execution_time": 0.40398740768432617, "passed": false}, "26": {"execution_time": 0.3622286319732666, "passed": false}, "27": {"execution_time": 0.41270947456359863, "passed": false}, "28": {"execution_time": 0.5708458423614502, "passed": false}, "29": {"execution_time": 0.22067666053771973, "passed": true}}}, "check_style_score": "0/1"}