{"version": "1", "message": "ERROR: Hidden Testcases server unreachable.", "problem_id": "ads2_m16_a1_1", "user_id": "nandakishore723", "score": {"sample": {"0": {"execution_time": 0.36888933181762695, "passed": false}, "1": {"execution_time": 0.36478710174560547, "passed": false}, "2": {"execution_time": 0.741748571395874, "passed": false}, "3": {"execution_time": 0.715083122253418, "passed": false}, "4": {"execution_time": 0.6895546913146973, "passed": false}, "5": {"execution_time": 0.6957404613494873, "passed": false}, "6": {"execution_time": 0.708080530166626, "passed": false}, "7": {"execution_time": 0.7245731353759766, "passed": false}, "8": {"execution_time": 0.3927476406097412, "passed": false}, "9": {"execution_time": 0.6412572860717773, "passed": false}, "10": {"execution_time": 0.6627509593963623, "passed": false}, "11": {"execution_time": 0.3192150592803955, "passed": false}, "12": {"execution_time": 0.4475412368774414, "passed": false}, "13": {"execution_time": 0.2019808292388916, "passed": true}, "14": {"execution_time": 0.41489315032958984, "passed": false}, "15": {"execution_time": 0.4089200496673584, "passed": false}, "16": {"execution_time": 0.24641180038452148, "passed": false}, "17": {"execution_time": 0.26668381690979004, "passed": false}, "18": {"execution_time": 0.2653782367706299, "passed": false}, "19": {"execution_time": 0.27918529510498047, "passed": false}, "20": {"execution_time": 0.2646925449371338, "passed": false}, "21": {"execution_time": 0.2742788791656494, "passed": false}, "22": {"execution_time": 0.24931836128234863, "passed": false}, "23": {"execution_time": 0.28075313568115234, "passed": false}, "24": {"execution_time": 0.21803045272827148, "passed": true}, "25": {"execution_time": 0.42263031005859375, "passed": false}, "26": {"execution_time": 0.37015628814697266, "passed": false}, "27": {"execution_time": 0.42698216438293457, "passed": false}, "28": {"execution_time": 0.9407517910003662, "passed": false}, "29": {"execution_time": 0.4267399311065674, "passed": false}}}, "check_style_score": "0/1"}