{"version": "1", "message": "ERROR: Hidden Testcases server unreachable.", "problem_id": "ads2_m16_a1_1", "user_id": "nandakishore723", "score": {"sample": {"0": {"execution_time": 0.2565276622772217, "passed": false}, "1": {"execution_time": 0.3961751461029053, "passed": false}, "2": {"execution_time": 0.40633702278137207, "passed": false}, "3": {"execution_time": 0.3790149688720703, "passed": false}, "4": {"execution_time": 0.4174320697784424, "passed": false}, "5": {"execution_time": 0.4052603244781494, "passed": false}, "6": {"execution_time": 0.4151113033294678, "passed": false}, "7": {"execution_time": 0.40225744247436523, "passed": false}, "8": {"execution_time": 0.26942944526672363, "passed": false}, "9": {"execution_time": 0.5565729141235352, "passed": false}, "10": {"execution_time": 0.5425815582275391, "passed": false}, "11": {"execution_time": 0.2178175449371338, "passed": false}, "12": {"execution_time": 0.4130585193634033, "passed": false}, "13": {"execution_time": 0.23936820030212402, "passed": true}, "14": {"execution_time": 0.41298532485961914, "passed": false}, "15": {"execution_time": 0.42087388038635254, "passed": false}, "16": {"execution_time": 0.2621042728424072, "passed": false}, "17": {"execution_time": 0.2700459957122803, "passed": false}, "18": {"execution_time": 0.28053832054138184, "passed": false}, "19": {"execution_time": 0.26689887046813965, "passed": false}, "20": {"execution_time": 0.4136207103729248, "passed": false}, "21": {"execution_time": 0.4470827579498291, "passed": false}, "22": {"execution_time": 0.4290480613708496, "passed": false}, "23": {"execution_time": 0.38418006896972656, "passed": false}, "24": {"execution_time": 0.23065853118896484, "passed": true}, "25": {"execution_time": 0.40586185455322266, "passed": false}, "26": {"execution_time": 0.36278223991394043, "passed": false}, "27": {"execution_time": 0.43538761138916016, "passed": false}, "28": {"execution_time": 0.5527641773223877, "passed": false}, "29": {"execution_time": 0.3576171398162842, "passed": false}}}, "check_style_score": "0/1"}