{"version": "1", "message": "ERROR: Hidden Testcases server unreachable.", "problem_id": "ads2_m16_a1_1", "user_id": "nandakishore723", "score": {"sample": {"0": {"execution_time": 0.21939730644226074, "passed": false}, "1": {"execution_time": 0.23152685165405273, "passed": false}, "2": {"execution_time": 0.5106503963470459, "passed": false}, "3": {"execution_time": 0.437225341796875, "passed": false}, "4": {"execution_time": 0.4585704803466797, "passed": false}, "5": {"execution_time": 0.6736936569213867, "passed": false}, "6": {"execution_time": 0.6900866031646729, "passed": false}, "7": {"execution_time": 0.6361312866210938, "passed": false}, "8": {"execution_time": 0.37230396270751953, "passed": false}, "9": {"execution_time": 0.399899959564209, "passed": false}, "10": {"execution_time": 0.4060630798339844, "passed": false}, "11": {"execution_time": 0.2242724895477295, "passed": false}, "12": {"execution_time": 0.42028284072875977, "passed": false}, "13": {"execution_time": 0.21565771102905273, "passed": true}, "14": {"execution_time": 0.4111452102661133, "passed": false}, "15": {"execution_time": 0.4301414489746094, "passed": false}, "16": {"execution_time": 0.259335994720459, "passed": false}, "17": {"execution_time": 0.28348588943481445, "passed": false}, "18": {"execution_time": 0.3353433609008789, "passed": false}, "19": {"execution_time": 0.27520298957824707, "passed": false}, "20": {"execution_time": 0.2682838439941406, "passed": false}, "21": {"execution_time": 0.4125638008117676, "passed": false}, "22": {"execution_time": 0.4118058681488037, "passed": false}, "23": {"execution_time": 0.4314401149749756, "passed": false}, "24": {"execution_time": 0.33543872833251953, "passed": true}, "25": {"execution_time": 0.7051665782928467, "passed": false}, "26": {"execution_time": 0.6164708137512207, "passed": false}, "27": {"execution_time": 0.7081141471862793, "passed": false}, "28": {"execution_time": 1.050952672958374, "passed": false}, "29": {"execution_time": 0.3863179683685303, "passed": false}}}, "check_style_score": "0/1"}