{"version": "1", "message": "ERROR: Hidden Testcases server unreachable.", "problem_id": "ads2_m16_a1_1", "user_id": "nandakishore723", "score": {"sample": {"0": {"execution_time": 0.26097941398620605, "passed": true}, "1": {"execution_time": 0.41570496559143066, "passed": true}, "2": {"execution_time": 0.8607723712921143, "passed": true}, "3": {"execution_time": 0.8739590644836426, "passed": true}, "4": {"execution_time": 0.8747916221618652, "passed": true}, "5": {"execution_time": 0.9215841293334961, "passed": true}, "6": {"execution_time": 0.9591588973999023, "passed": true}, "7": {"execution_time": 0.8977208137512207, "passed": true}, "8": {"execution_time": 0.42501091957092285, "passed": true}, "9": {"execution_time": 0.8328959941864014, "passed": true}, "10": {"execution_time": 0.8835897445678711, "passed": true}, "11": {"execution_time": 6.540865182876587, "passed": true}, "12": {"execution_time": 0.9315097332000732, "passed": true}, "13": {"execution_time": 0.3706381320953369, "passed": true}, "14": {"execution_time": 0.9585297107696533, "passed": true}, "15": {"execution_time": 0.6539108753204346, "passed": true}, "16": {"execution_time": 0.2979087829589844, "passed": true}, "17": {"execution_time": 0.30836057662963867, "passed": true}, "18": {"execution_time": 0.28623270988464355, "passed": true}, "19": {"execution_time": 0.31006765365600586, "passed": true}, "20": {"execution_time": 0.33328771591186523, "passed": true}, "21": {"execution_time": 0.30217409133911133, "passed": true}, "22": {"execution_time": 0.31359195709228516, "passed": true}, "23": {"execution_time": 0.3154020309448242, "passed": true}, "24": {"execution_time": 0.2431938648223877, "passed": true}, "25": {"execution_time": 0.6225674152374268, "passed": true}, "26": {"execution_time": 0.5062217712402344, "passed": true}, "27": {"execution_time": 0.613314151763916, "passed": true}, "28": {"execution_time": 1.061471700668335, "passed": true}, "29": {"execution_time": 0.21777057647705078, "passed": false}}}, "check_style_score": "0/1"}