{"version": "1", "message": "ERROR: Hidden Testcases server unreachable.", "problem_id": "ads2_m16_a1_1", "user_id": "nandakishore723", "score": {"sample": {"0": {"execution_time": 0.2566707134246826, "passed": true}, "1": {"execution_time": 0.23730754852294922, "passed": true}, "2": {"execution_time": 0.6875011920928955, "passed": true}, "3": {"execution_time": 0.5873174667358398, "passed": true}, "4": {"execution_time": 0.6334900856018066, "passed": true}, "5": {"execution_time": 0.6005680561065674, "passed": true}, "6": {"execution_time": 0.585533618927002, "passed": true}, "7": {"execution_time": 0.5964062213897705, "passed": true}, "8": {"execution_time": 0.30907511711120605, "passed": true}, "9": {"execution_time": 0.5793921947479248, "passed": true}, "10": {"execution_time": 0.6720938682556152, "passed": true}, "11": {"execution_time": 4.109978437423706, "passed": true}, "12": {"execution_time": 0.6047267913818359, "passed": true}, "13": {"execution_time": 0.24594736099243164, "passed": true}, "14": {"execution_time": 0.9540200233459473, "passed": true}, "15": {"execution_time": 0.9761285781860352, "passed": true}, "16": {"execution_time": 0.48810505867004395, "passed": true}, "17": {"execution_time": 0.5225646495819092, "passed": true}, "18": {"execution_time": 0.48853111267089844, "passed": true}, "19": {"execution_time": 0.5029983520507812, "passed": true}, "20": {"execution_time": 0.5604641437530518, "passed": true}, "21": {"execution_time": 0.47764015197753906, "passed": true}, "22": {"execution_time": 0.47061753273010254, "passed": true}, "23": {"execution_time": 0.5067887306213379, "passed": true}, "24": {"execution_time": 0.37288761138916016, "passed": true}, "25": {"execution_time": 1.0772991180419922, "passed": true}, "26": {"execution_time": 0.8692545890808105, "passed": true}, "27": {"execution_time": 1.0336191654205322, "passed": true}, "28": {"execution_time": 1.5322880744934082, "passed": true}, "29": {"execution_time": 0.24274253845214844, "passed": false}}}, "check_style_score": "0/1"}