{"version": "1", "message": "ERROR: Hidden Testcases server unreachable.", "problem_id": "ads2_m16_a1_1", "user_id": "nandakishore723", "score": {"sample": {"0": {"execution_time": 0.27047276496887207, "passed": false}, "1": {"execution_time": 0.2158949375152588, "passed": false}, "2": {"execution_time": 0.4364504814147949, "passed": false}, "3": {"execution_time": 0.4208989143371582, "passed": false}, "4": {"execution_time": 0.41921281814575195, "passed": false}, "5": {"execution_time": 0.40790867805480957, "passed": false}, "6": {"execution_time": 0.4243025779724121, "passed": false}, "7": {"execution_time": 0.38579511642456055, "passed": false}, "8": {"execution_time": 0.2613565921783447, "passed": false}, "9": {"execution_time": 0.4059128761291504, "passed": false}, "10": {"execution_time": 0.40438342094421387, "passed": false}, "11": {"execution_time": 0.22653698921203613, "passed": false}, "12": {"execution_time": 0.4212155342102051, "passed": false}, "13": {"execution_time": 0.22029423713684082, "passed": true}, "14": {"execution_time": 0.4070165157318115, "passed": false}, "15": {"execution_time": 0.4257547855377197, "passed": false}, "16": {"execution_time": 0.26949334144592285, "passed": false}, "17": {"execution_time": 0.2652134895324707, "passed": false}, "18": {"execution_time": 0.27155637741088867, "passed": false}, "19": {"execution_time": 0.28632450103759766, "passed": false}, "20": {"execution_time": 0.27038073539733887, "passed": false}, "21": {"execution_time": 0.4063587188720703, "passed": false}, "22": {"execution_time": 0.4267561435699463, "passed": false}, "23": {"execution_time": 0.4487621784210205, "passed": false}, "24": {"execution_time": 0.3485429286956787, "passed": true}, "25": {"execution_time": 0.7003905773162842, "passed": false}, "26": {"execution_time": 0.6170074939727783, "passed": false}, "27": {"execution_time": 0.6668837070465088, "passed": false}, "28": {"execution_time": 0.5268816947937012, "passed": false}, "29": {"execution_time": 0.28179001808166504, "passed": true}}}, "check_style_score": "0/1"}