{"version": "1", "message": "ERROR: Hidden Testcases server unreachable.", "problem_id": "ads2_m16_a1_1", "user_id": "nandakishore723", "score": {"sample": {"0": {"execution_time": 0.35388875007629395, "passed": false}, "1": {"execution_time": 0.36953186988830566, "passed": false}, "2": {"execution_time": 0.6632280349731445, "passed": false}, "3": {"execution_time": 0.7119059562683105, "passed": false}, "4": {"execution_time": 0.7054533958435059, "passed": false}, "5": {"execution_time": 0.7120847702026367, "passed": false}, "6": {"execution_time": 0.707923412322998, "passed": false}, "7": {"execution_time": 0.6359519958496094, "passed": false}, "8": {"execution_time": 0.37912654876708984, "passed": false}, "9": {"execution_time": 0.6656386852264404, "passed": false}, "10": {"execution_time": 0.6289331912994385, "passed": false}, "11": {"execution_time": 0.3088223934173584, "passed": false}, "12": {"execution_time": 0.44061732292175293, "passed": false}, "13": {"execution_time": 0.23035335540771484, "passed": true}, "14": {"execution_time": 0.4213674068450928, "passed": false}, "15": {"execution_time": 0.3954746723175049, "passed": false}, "16": {"execution_time": 0.26673436164855957, "passed": false}, "17": {"execution_time": 0.2665572166442871, "passed": false}, "18": {"execution_time": 0.2585313320159912, "passed": false}, "19": {"execution_time": 0.2582056522369385, "passed": false}, "20": {"execution_time": 0.2452220916748047, "passed": false}, "21": {"execution_time": 0.2705094814300537, "passed": false}, "22": {"execution_time": 0.27754735946655273, "passed": false}, "23": {"execution_time": 0.2700228691101074, "passed": false}, "24": {"execution_time": 0.23835992813110352, "passed": true}, "25": {"execution_time": 0.4431781768798828, "passed": false}, "26": {"execution_time": 0.4009265899658203, "passed": false}, "27": {"execution_time": 0.7570271492004395, "passed": false}, "28": {"execution_time": 0.5901684761047363, "passed": false}, "29": {"execution_time": 0.3903954029083252, "passed": false}}}, "check_style_score": "0/1"}