{"version": "1", "message": "ERROR: Hidden Testcases server unreachable.", "problem_id": "ads2_m16_a1_1", "user_id": "nandakishore723", "score": {"sample": {"0": {"execution_time": 0.2581014633178711, "passed": true}, "1": {"execution_time": 0.261763334274292, "passed": true}, "2": {"execution_time": 0.8949413299560547, "passed": true}, "3": {"execution_time": 0.846804141998291, "passed": true}, "4": {"execution_time": 0.8845016956329346, "passed": true}, "5": {"execution_time": 0.8921146392822266, "passed": true}, "6": {"execution_time": 0.9116561412811279, "passed": true}, "7": {"execution_time": 0.9155523777008057, "passed": true}, "8": {"execution_time": 0.3510417938232422, "passed": true}, "9": {"execution_time": 0.5925397872924805, "passed": true}, "10": {"execution_time": 0.5937433242797852, "passed": true}, "11": {"execution_time": 2.2127888202667236, "passed": true}, "12": {"execution_time": 0.5774216651916504, "passed": true}, "13": {"execution_time": 0.35320615768432617, "passed": true}, "14": {"execution_time": 0.6030018329620361, "passed": true}, "15": {"execution_time": 0.5915484428405762, "passed": true}, "16": {"execution_time": 0.2895033359527588, "passed": true}, "17": {"execution_time": 0.3001265525817871, "passed": true}, "18": {"execution_time": 0.2979743480682373, "passed": true}, "19": {"execution_time": 0.30533885955810547, "passed": true}, "20": {"execution_time": 0.3135833740234375, "passed": true}, "21": {"execution_time": 0.2950477600097656, "passed": true}, "22": {"execution_time": 0.30507755279541016, "passed": true}, "23": {"execution_time": 0.3071906566619873, "passed": true}, "24": {"execution_time": 0.23961853981018066, "passed": true}, "25": {"execution_time": 0.605778694152832, "passed": true}, "26": {"execution_time": 0.4682915210723877, "passed": true}, "27": {"execution_time": 0.6423032283782959, "passed": true}, "28": {"execution_time": 0.8845887184143066, "passed": true}, "29": {"execution_time": 0.1735384464263916, "passed": true}}}, "check_style_score": "1/1"}