{"version": "1", "message": "ERROR: Hidden Testcases server unreachable.", "problem_id": "ads2_m16_a1_1", "user_id": "nandakishore723", "score": {"sample": {"0": {"execution_time": 0.364027738571167, "passed": false}, "1": {"execution_time": 0.3749725818634033, "passed": false}, "2": {"execution_time": 0.6801803112030029, "passed": false}, "3": {"execution_time": 0.6928167343139648, "passed": false}, "4": {"execution_time": 0.6811208724975586, "passed": false}, "5": {"execution_time": 0.6791834831237793, "passed": false}, "6": {"execution_time": 0.6921494007110596, "passed": false}, "7": {"execution_time": 0.6771893501281738, "passed": false}, "8": {"execution_time": 0.40491747856140137, "passed": false}, "9": {"execution_time": 0.4006214141845703, "passed": false}, "10": {"execution_time": 0.4122896194458008, "passed": false}, "11": {"execution_time": 0.2628626823425293, "passed": false}, "12": {"execution_time": 0.3779897689819336, "passed": false}, "13": {"execution_time": 0.25531697273254395, "passed": false}, "14": {"execution_time": 0.6881585121154785, "passed": false}, "15": {"execution_time": 0.6761925220489502, "passed": false}, "16": {"execution_time": 0.40392327308654785, "passed": false}, "17": {"execution_time": 0.28547191619873047, "passed": false}, "18": {"execution_time": 0.25033116340637207, "passed": false}, "19": {"execution_time": 0.2782561779022217, "passed": false}, "20": {"execution_time": 0.24633073806762695, "passed": false}, "21": {"execution_time": 0.4438447952270508, "passed": false}, "22": {"execution_time": 0.4418179988861084, "passed": false}, "23": {"execution_time": 0.4358351230621338, "passed": false}, "24": {"execution_time": 0.31350088119506836, "passed": false}, "25": {"execution_time": 0.44480180740356445, "passed": false}, "26": {"execution_time": 0.3628077507019043, "passed": false}, "27": {"execution_time": 0.4338388442993164, "passed": false}, "28": {"execution_time": 0.5423283576965332, "passed": false}, "29": {"execution_time": 0.3899569511413574, "passed": false}}}, "check_style_score": "0/1"}