{"version": "1", "message": "ERROR: Hidden Testcases server unreachable.", "problem_id": "ads2_m16_a1_1", "user_id": "nandakishore723", "score": {"sample": {"0": {"execution_time": 0.28110599517822266, "passed": false}, "1": {"execution_time": 0.253934383392334, "passed": false}, "2": {"execution_time": 0.3967149257659912, "passed": false}, "3": {"execution_time": 0.6926136016845703, "passed": false}, "4": {"execution_time": 0.6984133720397949, "passed": false}, "5": {"execution_time": 0.6796519756317139, "passed": false}, "6": {"execution_time": 0.7295882701873779, "passed": false}, "7": {"execution_time": 0.6643495559692383, "passed": false}, "8": {"execution_time": 0.41793251037597656, "passed": false}, "9": {"execution_time": 0.6410667896270752, "passed": false}, "10": {"execution_time": 0.6943564414978027, "passed": false}, "11": {"execution_time": 0.33687877655029297, "passed": false}, "12": {"execution_time": 0.6049997806549072, "passed": false}, "13": {"execution_time": 0.3155174255371094, "passed": true}, "14": {"execution_time": 0.4212985038757324, "passed": false}, "15": {"execution_time": 0.535595178604126, "passed": false}, "16": {"execution_time": 0.2794077396392822, "passed": false}, "17": {"execution_time": 0.2649991512298584, "passed": false}, "18": {"execution_time": 0.2690706253051758, "passed": false}, "19": {"execution_time": 0.39548563957214355, "passed": false}, "20": {"execution_time": 0.36679983139038086, "passed": false}, "21": {"execution_time": 0.40888047218322754, "passed": false}, "22": {"execution_time": 0.37033843994140625, "passed": false}, "23": {"execution_time": 0.399733304977417, "passed": false}, "24": {"execution_time": 0.3059206008911133, "passed": true}, "25": {"execution_time": 0.6312546730041504, "passed": false}, "26": {"execution_time": 0.6667020320892334, "passed": false}, "27": {"execution_time": 0.6553213596343994, "passed": false}, "28": {"execution_time": 0.7174179553985596, "passed": false}, "29": {"execution_time": 0.35831785202026367, "passed": false}}}, "check_style_score": "0/1"}