{"version": "1", "message": "ERROR: Hidden Testcases server unreachable.", "problem_id": "ads2_m16_a1_1", "user_id": "nandakishore723", "score": {"sample": {"0": {"execution_time": 0.249070405960083, "passed": false}, "1": {"execution_time": 0.23772406578063965, "passed": false}, "2": {"execution_time": 0.5062704086303711, "passed": false}, "3": {"execution_time": 0.41292834281921387, "passed": false}, "4": {"execution_time": 0.5043830871582031, "passed": false}, "5": {"execution_time": 0.42148518562316895, "passed": false}, "6": {"execution_time": 0.3943178653717041, "passed": false}, "7": {"execution_time": 0.4716792106628418, "passed": false}, "8": {"execution_time": 0.2703394889831543, "passed": false}, "9": {"execution_time": 0.42825841903686523, "passed": false}, "10": {"execution_time": 0.4035656452178955, "passed": false}, "11": {"execution_time": 0.29468679428100586, "passed": false}, "12": {"execution_time": 0.4147059917449951, "passed": false}, "13": {"execution_time": 0.21343660354614258, "passed": true}, "14": {"execution_time": 0.3958756923675537, "passed": false}, "15": {"execution_time": 0.41788530349731445, "passed": false}, "16": {"execution_time": 0.2836134433746338, "passed": false}, "17": {"execution_time": 0.2513904571533203, "passed": false}, "18": {"execution_time": 0.2625453472137451, "passed": false}, "19": {"execution_time": 0.2761416435241699, "passed": false}, "20": {"execution_time": 0.26450657844543457, "passed": false}, "21": {"execution_time": 0.2647285461425781, "passed": false}, "22": {"execution_time": 0.3926982879638672, "passed": false}, "23": {"execution_time": 0.43100476264953613, "passed": false}, "24": {"execution_time": 0.3425123691558838, "passed": true}, "25": {"execution_time": 0.7123823165893555, "passed": false}, "26": {"execution_time": 0.38490772247314453, "passed": false}, "27": {"execution_time": 0.41031360626220703, "passed": false}, "28": {"execution_time": 0.5576725006103516, "passed": false}, "29": {"execution_time": 0.23340868949890137, "passed": false}}}, "check_style_score": "0/1"}