{"version": "1", "message": "ERROR: Hidden Testcases server unreachable.", "problem_id": "ads2_m16_a1_1", "user_id": "nandakishore723", "score": {"sample": {"0": {"execution_time": 0.23909902572631836, "passed": false}, "1": {"execution_time": 0.24718046188354492, "passed": false}, "2": {"execution_time": 0.3995857238769531, "passed": false}, "3": {"execution_time": 0.39818692207336426, "passed": false}, "4": {"execution_time": 0.7420151233673096, "passed": false}, "5": {"execution_time": 0.6458258628845215, "passed": false}, "6": {"execution_time": 0.6808788776397705, "passed": false}, "7": {"execution_time": 0.6677846908569336, "passed": false}, "8": {"execution_time": 0.4233431816101074, "passed": false}, "9": {"execution_time": 0.6451349258422852, "passed": false}, "10": {"execution_time": 0.6627194881439209, "passed": false}, "11": {"execution_time": 0.3341066837310791, "passed": false}, "12": {"execution_time": 0.6651275157928467, "passed": false}, "13": {"execution_time": 0.36575794219970703, "passed": true}, "14": {"execution_time": 0.653191328048706, "passed": false}, "15": {"execution_time": 0.7051033973693848, "passed": false}, "16": {"execution_time": 0.4289054870605469, "passed": false}, "17": {"execution_time": 0.40569114685058594, "passed": false}, "18": {"execution_time": 0.4251852035522461, "passed": false}, "19": {"execution_time": 0.45340752601623535, "passed": false}, "20": {"execution_time": 0.3624856472015381, "passed": false}, "21": {"execution_time": 0.27581238746643066, "passed": false}, "22": {"execution_time": 0.24658823013305664, "passed": false}, "23": {"execution_time": 0.27250027656555176, "passed": false}, "24": {"execution_time": 0.36829090118408203, "passed": true}, "25": {"execution_time": 0.4080030918121338, "passed": false}, "26": {"execution_time": 0.36025214195251465, "passed": false}, "27": {"execution_time": 0.4075891971588135, "passed": false}, "28": {"execution_time": 0.5483357906341553, "passed": false}, "29": {"execution_time": 0.2902240753173828, "passed": false}}}, "check_style_score": "0/1"}