{"version": "1", "message": "ERROR: Hidden Testcases server unreachable.", "problem_id": "ads2_m16_a1_1", "user_id": "nandakishore723", "score": {"sample": {"0": {"execution_time": 0.24618029594421387, "passed": false}, "1": {"execution_time": 0.2512798309326172, "passed": false}, "2": {"execution_time": 0.6897871494293213, "passed": false}, "3": {"execution_time": 0.6761746406555176, "passed": false}, "4": {"execution_time": 0.7044656276702881, "passed": false}, "5": {"execution_time": 0.699397087097168, "passed": false}, "6": {"execution_time": 0.6995682716369629, "passed": false}, "7": {"execution_time": 0.6834976673126221, "passed": false}, "8": {"execution_time": 0.4857041835784912, "passed": false}, "9": {"execution_time": 0.48772668838500977, "passed": false}, "10": {"execution_time": 0.6288902759552002, "passed": false}, "11": {"execution_time": 0.2347862720489502, "passed": false}, "12": {"execution_time": 0.4322652816772461, "passed": false}, "13": {"execution_time": 0.348238468170166, "passed": true}, "14": {"execution_time": 0.749964714050293, "passed": false}, "15": {"execution_time": 0.6681058406829834, "passed": false}, "16": {"execution_time": 0.4002678394317627, "passed": false}, "17": {"execution_time": 0.3382682800292969, "passed": false}, "18": {"execution_time": 0.4412083625793457, "passed": false}, "19": {"execution_time": 0.42413330078125, "passed": false}, "20": {"execution_time": 0.41991686820983887, "passed": false}, "21": {"execution_time": 0.4269421100616455, "passed": false}, "22": {"execution_time": 0.4196000099182129, "passed": false}, "23": {"execution_time": 0.42795729637145996, "passed": false}, "24": {"execution_time": 0.33428096771240234, "passed": true}, "25": {"execution_time": 0.6825861930847168, "passed": false}, "26": {"execution_time": 0.48604917526245117, "passed": false}, "27": {"execution_time": 0.41405391693115234, "passed": false}, "28": {"execution_time": 0.5396738052368164, "passed": false}, "29": {"execution_time": 0.2335824966430664, "passed": true}}}, "check_style_score": "0/1"}