{"version": "1", "message": "ERROR: Hidden Testcases server unreachable.", "problem_id": "ads2_m16_a1_1", "user_id": "nandakishore723", "score": {"sample": {"0": {"execution_time": 0.30282044410705566, "passed": false}, "1": {"execution_time": 0.48171305656433105, "passed": false}, "2": {"execution_time": 2.857357978820801, "passed": false}, "3": {"execution_time": 4.305487394332886, "passed": false}, "4": {"execution_time": 4.455085039138794, "passed": false}, "5": {"execution_time": 4.526287078857422, "passed": false}, "6": {"execution_time": 4.543848752975464, "passed": false}, "7": {"execution_time": 4.483493328094482, "passed": false}, "8": {"execution_time": 0.8459649085998535, "passed": false}, "9": {"execution_time": 4.632612466812134, "passed": false}, "10": {"execution_time": 4.5631091594696045, "passed": false}, "11": {"execution_time": 0.3740522861480713, "passed": false}, "12": {"execution_time": 4.383938550949097, "passed": false}, "13": {"execution_time": 0.39211010932922363, "passed": false}, "14": {"execution_time": 2.747572183609009, "passed": false}, "15": {"execution_time": 2.5152482986450195, "passed": false}, "16": {"execution_time": 0.43717026710510254, "passed": false}, "17": {"execution_time": 0.43325352668762207, "passed": false}, "18": {"execution_time": 0.5506083965301514, "passed": false}, "19": {"execution_time": 0.44193220138549805, "passed": false}, "20": {"execution_time": 0.6123623847961426, "passed": false}, "21": {"execution_time": 0.612515926361084, "passed": false}, "22": {"execution_time": 0.5714340209960938, "passed": false}, "23": {"execution_time": 0.7343118190765381, "passed": false}, "24": {"execution_time": 0.3102290630340576, "passed": false}, "25": {"execution_time": 2.406193494796753, "passed": false}, "26": {"execution_time": 1.6895761489868164, "passed": false}, "27": {"execution_time": 2.750107765197754, "passed": false}, "28": {"execution_time": 5.030215740203857, "passed": false}, "29": {"execution_time": 0.37633371353149414, "passed": false}}}, "check_style_score": "0/1"}