{"version": "1", "message": "ERROR: Hidden Testcases server unreachable.", "problem_id": "ads2_m16_a1_1", "user_id": "nandakishore723", "score": {"sample": {"0": {"execution_time": 0.2508676052093506, "passed": true}, "1": {"execution_time": 0.2676222324371338, "passed": true}, "2": {"execution_time": 0.5904207229614258, "passed": true}, "3": {"execution_time": 0.5895669460296631, "passed": true}, "4": {"execution_time": 0.5807943344116211, "passed": true}, "5": {"execution_time": 0.6064026355743408, "passed": true}, "6": {"execution_time": 0.589881181716919, "passed": true}, "7": {"execution_time": 0.5954742431640625, "passed": true}, "8": {"execution_time": 0.3109118938446045, "passed": true}, "9": {"execution_time": 0.618462085723877, "passed": true}, "10": {"execution_time": 0.5917360782623291, "passed": true}, "11": {"execution_time": 3.674187183380127, "passed": true}, "12": {"execution_time": 0.6084275245666504, "passed": true}, "13": {"execution_time": 0.24610209465026855, "passed": true}, "14": {"execution_time": 0.7536756992340088, "passed": true}, "15": {"execution_time": 0.5954544544219971, "passed": true}, "16": {"execution_time": 0.3021550178527832, "passed": true}, "17": {"execution_time": 0.31124210357666016, "passed": true}, "18": {"execution_time": 0.3077530860900879, "passed": true}, "19": {"execution_time": 0.4871799945831299, "passed": true}, "20": {"execution_time": 0.31495046615600586, "passed": true}, "21": {"execution_time": 0.30565595626831055, "passed": true}, "22": {"execution_time": 0.30228519439697266, "passed": true}, "23": {"execution_time": 0.317396879196167, "passed": true}, "24": {"execution_time": 0.24240803718566895, "passed": true}, "25": {"execution_time": 0.6227331161499023, "passed": true}, "26": {"execution_time": 0.6576104164123535, "passed": true}, "27": {"execution_time": 0.6223559379577637, "passed": true}, "28": {"execution_time": 0.9348413944244385, "passed": true}, "29": {"execution_time": 0.2905144691467285, "passed": true}}}, "check_style_score": "0/1"}