{"version": "1", "message": "ERROR: Hidden Testcases server unreachable.", "problem_id": "ads2_m16_a1_1", "user_id": "nandakishore723", "score": {"sample": {"0": {"execution_time": 0.2731478214263916, "passed": true}, "1": {"execution_time": 0.26735687255859375, "passed": true}, "2": {"execution_time": 0.9645593166351318, "passed": true}, "3": {"execution_time": 0.6528756618499756, "passed": true}, "4": {"execution_time": 0.6075572967529297, "passed": true}, "5": {"execution_time": 0.6020257472991943, "passed": true}, "6": {"execution_time": 0.5925328731536865, "passed": true}, "7": {"execution_time": 0.6902697086334229, "passed": true}, "8": {"execution_time": 0.32140660285949707, "passed": true}, "9": {"execution_time": 0.5901162624359131, "passed": true}, "10": {"execution_time": 0.5922174453735352, "passed": true}, "11": {"execution_time": 3.8988518714904785, "passed": true}, "12": {"execution_time": 0.6060514450073242, "passed": true}, "13": {"execution_time": 0.23292875289916992, "passed": true}, "14": {"execution_time": 0.5894899368286133, "passed": true}, "15": {"execution_time": 0.6463108062744141, "passed": true}, "16": {"execution_time": 0.3342471122741699, "passed": true}, "17": {"execution_time": 0.33455491065979004, "passed": true}, "18": {"execution_time": 0.38102221488952637, "passed": true}, "19": {"execution_time": 0.34538817405700684, "passed": true}, "20": {"execution_time": 0.4946918487548828, "passed": true}, "21": {"execution_time": 0.4752695560455322, "passed": true}, "22": {"execution_time": 0.4595217704772949, "passed": true}, "23": {"execution_time": 0.4510362148284912, "passed": true}, "24": {"execution_time": 0.3291151523590088, "passed": true}, "25": {"execution_time": 0.9520673751831055, "passed": true}, "26": {"execution_time": 0.7371468544006348, "passed": true}, "27": {"execution_time": 0.9519548416137695, "passed": true}, "28": {"execution_time": 1.5229907035827637, "passed": true}, "29": {"execution_time": 0.3191375732421875, "passed": true}}}, "check_style_score": "0/1"}